========================================================================================
REPLAY  BTCUSDT 15m  since 30d
========================================================================================

PLAN CREATED  2026-05-01 17:15:00  plan=bce6efd5  bias=bullish  regime=bull-low  setups=1
  rationale: Trend is bullish (regime bull-low), price above all EMAs, RSI neutral-bullish, momentum composite positive. Short-term pullback may offer entry. Risk limits allow one BTC position.
  setup[1] b0427a2a  LONG  size=0.1
    entry_zone: 78130 -> 78180
    take_profit: [78550, 78700]   stop_loss: 77970
    hard:  rsi_14 > 30; close > ema_200; price > 78000
    soft:  rsi_14 > 50 (w0.5); macd_hist > 0 (w0.3)
    invalidation: [hard] price < 77970 (intrabar)

PLAN CREATED  2026-05-01 18:15:00  plan=55606d2e  bias=bullish  regime=bull-low  setups=1
  rationale: Price is above all major EMAs (20,50,200) in a bull-low regime. RSI at 63 shows bullish momentum without overbought. Recent volume surge indicates accumulation. Pullback to EMA20 (~78280) offers a low-risk long entry with clear invalidation below EMA50.
  setup[1] 0fb587ec  LONG  size=0.1
    entry_zone: 78250 -> 78300
    take_profit: [78850, 79000, 79200]   stop_loss: 78050
    hard:  price > ema_50; rsi_14 > 50
    soft:  macd_hist > 0 (w1)
    invalidation: [hard] price < ema_50 (on_close)

PLAN CREATED  2026-05-01 19:15:00  plan=6bdc205d  bias=neutral  regime=bull-low  setups=0
  rationale: Price is near all-time highs with bullish trend but weakening momentum (MACD hist negative, RSI neutral); low volatility regime suggests limited immediate direction. Recent price action shows a consolidation range around 78200-78600. No clear high-confidence setup with adequate reward:risk given entry zone constraints.

PLAN CREATED  2026-05-01 20:15:00  plan=7a1f314e  bias=bearish  regime=bull-low  setups=1
  rationale: Price is below both EMA20 and EMA50, RSI<45, MACD histogram negative and declining. Recent candlestick shows a bearish breakdown from consolidation near 78300-78500. Regime is bullish but with low volatility, but short-term momentum is bearish.
  setup[1] e532462f  SHORT  size=0.05
    entry_zone: 78150 -> 78250
    take_profit: [77700, 77300]   stop_loss: 78400
    hard:  rsi_14 < 50; ema_20 > price; price < ema_50
    soft:  macd_hist < 0 (w0.5)
    invalidation: [hard] price crosses_above ema_20 (on_close)

PLAN CREATED  2026-05-01 21:15:00  plan=3ae23d3d  bias=bearish  regime=bull-low  setups=1
  rationale: RSI below 50, MACD negative, price below EMA_20, and recent price action shows a breakdown from range; bearish bias.
  setup[1] f30343f8  SHORT  size=0.1
    entry_zone: 77920 -> 77980
    take_profit: [77500, 77100]   stop_loss: 78150
    hard:  rsi_14 < 50; macd_hist < 0; price < ema_20
    soft:  momentum_composite > 0 (w0.5)
    invalidation: [hard] price > 78200 (intrabar); [soft] rsi_14 > 55 (on_close)

PLAN CREATED  2026-05-01 22:15:00  plan=a59f5e87  bias=bullish  regime=bull-low  setups=1
  rationale: Price is above all EMAs (20, 50, 200) suggesting uptrend. RSI at 55.5 shows room for upside. Regime is bull-low. Recent pullback from 78879 to 77718 found support near EMA50 (78006) and price bounced back above 78300. ATR is ~185, so stop distance can be tight.
  setup[1] 4451fd87  LONG  size=0.05
    entry_zone: 78250 -> 78300
    take_profit: [78700, 78900]   stop_loss: 78050
    hard:  price > ema_50; price > ema_200; rsi_14 > 50
    soft:  macd_hist > 0 (w0.6); volume > 1000 (w0.4)
    invalidation: [soft] price < 78100 (intrabar); [hard] price < 78000 (intrabar)

PLAN CREATED  2026-05-01 23:15:00  plan=844bcfff  bias=bearish  regime=bull-low  setups=1
  rationale: Price is below 20 and 50 EMA, RSI below 50 (bearish momentum), MACD histogram negative and declining, and recent price action shows lower highs. Regime is bull-low, but short-term momentum is bearish.
  setup[1] 54ed137d  SHORT  size=0.1
    entry_zone: 78000 -> 78080
    take_profit: [77600, 77400]   stop_loss: 78250
    hard:  price < ema_20; price < ema_50; rsi_14 < 50
    soft:  macd_hist < 0 (w1); price < ema_200 (w0.5)
    invalidation: [hard] price crosses_above ema_20 (on_close); [warning] rsi_14 > 60 (intrabar)

PLAN CREATED  2026-05-02 00:00:00  plan=c2f86053  bias=neutral  regime=bull-low  setups=0
  rationale: Price is near EMAs but lacking clear momentum. RSI at 50, MACD hist negative, volume low. Regime is bull-low but recent price action is consolidating. No clear setup with adequate risk-reward.

PLAN CREATED  2026-05-02 01:00:00  plan=4c6f57fa  bias=bullish  regime=bull-low  setups=1
  rationale: Price is above all EMAs and MACD is positive, with RSI above 50, indicating bullish momentum. However, volume is low and recent price action shows consolidation, suggesting a cautious approach. Regime is bull-low, supporting a bullish bias but with tight stops.
  setup[1] 90e40cb8  LONG  size=0.05
    entry_zone: 78280 -> 78350
    take_profit: [78800, 79000]   stop_loss: 78150
    hard:  rsi_14 > 50; close > ema_20; close > ema_50
    soft:  macd_hist > 0 (w0.7); vol_zscore_20 > -1 (w0.3)
    invalidation: [hard] close < ema_50 (on_close)
----------------------------------------------------------------------------------------
CONFIRM  2026-05-02 01:00:00  plan=4c6f57fa setup=90e40cb8  action=CONFIRM  size_x=1
  price=78335  hard_ok=True  soft_score=1
  reason: Price at 78335 is within entry zone 78280-78350, all hard rules pass (rsi_14=57.8>50, close>ema_20, close>ema_50), soft score 1.0 with macd_hist positive and vol_zscore above -1. Plan bias bullish and no invalidation triggered.
TRADE OPENED  2026-05-02 01:00:00  trade=4c638180  plan=4c6f57fa setup=90e40cb8  LONG @ 78335  size=0.05
  -> EXECUTED — rr 2.51

PLAN CREATED  2026-05-02 02:00:00  plan=bb59045b  bias=neutral  regime=bull-low  setups=0
  rationale: Market is in a low-volatility bull regime, price oscillating around EMAs with RSI near 50, no clear directional conviction. Existing long BTC position is open. No actionable setup meets risk-reward criteria with narrow entry zone and sufficient RR buffer.
TRADE CLOSED  2026-05-02 02:00:00  trade=4c638180  plan=4c6f57fa  reason=expiry  pnl=-0.11%

PLAN CREATED  2026-05-02 03:00:00  plan=738615cc  bias=neutral  regime=bull-low  setups=0
  rationale: Price is near the EMA_20 and EMA_50, RSI at 50.0, MACD hist positive but small, low volatility regime. No clear directional signal. Trend is bull but price is consolidating.

PLAN CREATED  2026-05-02 04:00:00  plan=bcfe48ad  bias=neutral  regime=bull-low  setups=0
  rationale: Price is near EMA20 and EMA50, RSI neutral, low volatility regime. No clear high-RR setup with narrow entry zone given current proximity to EMAs and recent sideways trading.

PLAN CREATED  2026-05-02 05:00:00  plan=7102813c  bias=bearish  regime=bull-low  setups=0
  rationale: RSI below 40, price below all EMAs, MACD negative and below signal, recent bearish momentum with selling volume spiking. Regime is bullish but short-term indicators weakening.

PLAN CREATED  2026-05-02 06:00:00  plan=4c2e8f62  bias=neutral  regime=bull-low  setups=0
  rationale: Price is consolidating near EMA20 and EMA50, RSI is neutral, MACD histogram negative but converging, volume declining. No clear directional edge.

PLAN CREATED  2026-05-02 07:00:00  plan=ff01b8dd  bias=bullish  regime=bull-low  setups=1
  rationale: Price is above all EMAs, RSI is neutral but trending up, MACD histogram positive, trend regime is bull-low volatility, suggesting continuation.
  setup[1] dbd982b4  LONG  size=0.1
    entry_zone: 78240 -> 78280
    take_profit: [78480, 78550]   stop_loss: 78180
    hard:  close > ema_20; ema_20 > ema_50; rsi_14 > 50
    soft:  macd_hist > 0 (w0.5); volume > 500 (w0.3)
    invalidation: [hard] close < 78100 (on_close); [warning] rsi_14 > 70 (intrabar)
----------------------------------------------------------------------------------------
CONFIRM  2026-05-02 07:00:00  plan=ff01b8dd setup=dbd982b4  action=CONFIRM  size_x=1
  price=78274.1  hard_ok=True  soft_score=0.625
  reason: Entry zone (78240-78280) contains current price 78274.1; all hard rules hold (close > ema_20 > ema_50, rsi_14 > 50); soft score 0.625 above 0 threshold; macd_hist positive; bias bullish.
TRADE OPENED  2026-05-02 07:00:00  trade=ebbbc4ce  plan=ff01b8dd setup=dbd982b4  LONG @ 78274.1  size=0.1
  -> EXECUTED — rr 2.19
TRADE CLOSED  2026-05-02 07:30:00  trade=ebbbc4ce  plan=ff01b8dd  reason=sl  pnl=-0.12%

PLAN CREATED  2026-05-02 08:00:00  plan=3ee86474  bias=neutral  regime=bull-low  setups=0
  rationale: BTC has been consolidating in a narrow range around 78200 with RSI near 50, implying no clear directional momentum. The regime is bullish-low volatility, but price is flat with low volume and no strong signals. Avoid forced trades; wait for clearer breakout or retest of support/resistance.

PLAN CREATED  2026-05-02 09:00:00  plan=a9c5020c  bias=neutral  regime=bull-low  setups=0
  rationale: Price is consolidating near EMAs with low volatility, RSI near 50, and no clear directional signal. Regime is bull-low, but recent price action shows choppiness. No strong setup with adequate risk-reward at entry zone edges.

PLAN CREATED  2026-05-02 10:00:00  plan=0acf6f44  bias=neutral  regime=bull-low  setups=0
  rationale: BTCUSD is in a bull-low regime with price near EMAs (20, 50, 200) and RSI around 52, indicating limited momentum. Recent candles show a tight range around 78200-78300. Low volatility and absence of clear signals suggest waiting for a setup with better risk-reward.

PLAN CREATED  2026-05-02 11:00:00  plan=30c02884  bias=bearish  regime=bull-low  setups=0
  rationale: RSI below 40, price below both 20 and 50 EMAs, and MACD histogram negative. Recent bearish momentum suggests a short bias. However, low volatility and unclear trend strength limit setup confidence; no valid high-RR setup found.

PLAN CREATED  2026-05-02 12:00:00  plan=ed45efd5  bias=bearish  regime=bull-low  setups=1
  rationale: Price is below EMA_20 and EMA_50, RSI below 40, MACD histogram negative and decreasing, CVD slope negative. Regime is bull-low but recent price action shows selling pressure. A short setup is considered with tight stop above recent high.
  setup[1] bbcb9820  SHORT  size=0.05
    entry_zone: 78180 -> 78220
    take_profit: [77900, 77700]   stop_loss: 78320
    hard:  price < ema_20; price < ema_50; rsi_14 < 40; macd_hist < 0
    soft:  cvd_slope_10 < 0 (w0.5); vol_zscore_20 < 1.5 (w0.3)
    invalidation: [hard] price > 78320 (intrabar); [hard] rsi_14 crosses_above 50 (on_close)

PLAN CREATED  2026-05-02 13:00:00  plan=1c3b6230  bias=bullish  regime=bull-low  setups=0
  rationale: Price shows upward momentum with RSI at 62.7 and positive MACD histogram. Close is above EMAs (20,50,200). ATR is low suggesting manageable risk. Recent spike high suggests potential continuation. However, no clear entry-zone with sufficient RR at worst-case fill; choosing not to force a trade.

PLAN CREATED  2026-05-02 14:00:00  plan=d07a2b55  bias=bullish  regime=bull-low  setups=1
  rationale: Trend is bull, volatility low; price near EMAs with positive MACD histogram and momentum composite >0.5. Recent bounce from 78000 support suggests bullish bias.
  setup[1] 866a82d6  LONG  size=0.08
    entry_zone: 78250 -> 78280
    take_profit: [78480, 78550]   stop_loss: 78180
    hard:  rsi_14 > 40; macd_hist > 0; price > ema_200
    soft:  momentum_composite > 0.5 (w0.5); obv > obv (w0.3)
    invalidation: [hard] price < 78150 (on_close); [soft] rsi_14 < 30 (on_close)
----------------------------------------------------------------------------------------
CONFIRM  2026-05-02 14:00:00  plan=d07a2b55 setup=866a82d6  action=CONFIRM  size_x=1
  price=78276.1  hard_ok=True  soft_score=0.625
  reason: Price in entry zone, all hard rules met, momentum composite strong (0.79), MACD hist positive, RSI above 40, price > EMA200. Soft score 0.625 exceeds threshold. No invalidation.
TRADE OPENED  2026-05-02 14:00:00  trade=62cd44d0  plan=d07a2b55 setup=866a82d6  LONG @ 78276.1  size=0.08
  -> EXECUTED — rr 2.12

PLAN CREATED  2026-05-02 15:00:00  plan=aba9a0bf  bias=bullish  regime=bull-low  setups=0
  rationale: Price is above all EMAs, RSI bullish, MACD bullish, trend bullish-low vol, but rangebound action suggests cautious entry with tight stop. Existing long BTC position limits new size.
TRADE CLOSED  2026-05-02 15:00:00  trade=62cd44d0  plan=d07a2b55  reason=expiry  pnl=+0.15%

PLAN CREATED  2026-05-02 16:00:00  plan=c90ccf7c  bias=bullish  regime=bull-low  setups=1
  rationale: RSI trending bullish above 65, price above all EMAs (20,50,200), MACD positive and momentum composite high, all in a bull-low volatility regime. Expect continuation with minor pullback entry.
  setup[1] 201ae146  LONG  size=0.1
    entry_zone: 78380 -> 78420
    take_profit: [78700, 78900]   stop_loss: 78270
    hard:  rsi_14 > 50; price > ema_200; macd_hist > 0
    soft:  rsi_14 > 60 (w0.5); price > ema_20 (w0.3); vol_zscore_20 > 1 (w0.2)
    invalidation: [hard] price < 78270 (intrabar); [soft] rsi_14 < 40 (on_close)

PLAN CREATED  2026-05-02 17:00:00  plan=4a769c38  bias=bullish  regime=bull-low  setups=1
  rationale: Price is above all EMAs (20, 50, 200) and EMAs are sloping up. RSI is neutral but above 50. MACD histogram positive and increasing. Regime is bull-low vol. Price recently pushed to new highs and is consolidating near 78400. Momentum composite > 0.5. Aim for a long continuation trade.
  setup[1] a276d2f4  LONG  size=0.08
    entry_zone: 78360 -> 78420
    take_profit: [78700, 78900]   stop_loss: 78250
    hard:  price > ema_20; price > ema_50; rsi_14 > 50; macd_hist > 0
    soft:  momentum_composite > 0.5 (w0.7); vol_zscore_20 > -1 (w0.3)
    invalidation: [hard] price < 78250 (intrabar); [soft] rsi_14 < 40 (on_close)
----------------------------------------------------------------------------------------
CONFIRM  2026-05-02 17:00:00  plan=4a769c38 setup=a276d2f4  action=PARSE_FAIL  size_x=1
  price=78398  hard_ok=True  soft_score=1
  -> SKIPPED: parse_fail

PLAN CREATED  2026-05-02 18:00:00  plan=cafe6cc5  bias=bearish  regime=bull-low  setups=1
  rationale: RSI below 50, bearish MACD histogram, recent price drop below both 20 and 50 EMAs, indicating short-term bearish momentum in a low volatility regime. Trend is still bull but short-term weakness provides an opportunity for a mean reversion short.
  setup[1] 84ae8226  SHORT  size=0.05
    entry_zone: 78300 -> 78350
    take_profit: [78150, 78050]   stop_loss: 78420
    hard:  price <= ema_50; rsi_14 < 50; macd_hist < 0
    soft:  price > ema_200 (w0.6); vol_zscore_20 < 1.5 (w0.4)
    invalidation: [hard] price > 78450 (intrabar); [soft] rsi_14 crosses_above 50 (on_close)

PLAN CREATED  2026-05-02 19:00:00  plan=00682cb1  bias=bullish  regime=bull-low  setups=0
  rationale: Price is above all major EMAs, trend is bull, volatility low. RSI at 57.7 suggests room for upside. MACD histogram negative but converging. Volume low, but price action shows higher lows. Bias is cautiously bullish.

PLAN CREATED  2026-05-02 20:00:00  plan=d39228d9  bias=neutral  regime=bull-low  setups=0
  rationale: Price is near EMAs, RSI neutral, MACD histogram slightly negative, trend bullish but volatility low. No clear edge; no setup passes min RR with tight entry zone.

PLAN CREATED  2026-05-02 21:00:00  plan=815a0d40  bias=neutral  regime=bull-low  setups=0
  rationale: Price is consolidating between EMAs 20 and 50 with low volatility and neutral RSI. No clear directional signal. Existing short ETH position limits additional risk.

PLAN CREATED  2026-05-02 22:00:00  plan=dc2b9689  bias=bullish  regime=bull-low  setups=0
  rationale: Price is above all EMAs, RSI is elevated but not overbought, MACD histogram positive and rising, trend is bull and volatility low. Recent candle with large volume spike suggests momentum. However, given existing open short ETHUSDT position and limit of one position per symbol, no new BTCUSDT setup is allowed.

PLAN CREATED  2026-05-02 23:00:00  plan=06cc7f4b  bias=bullish  regime=bull-low  setups=1
  rationale: Price is above all EMAs (20, 50, 200) and RSI is above 50, indicating bullish momentum. MACD histogram is positive and trending up. Regime is bull-low volatility, supporting a bullish bias. Recent price action shows a breakout from consolidation around 78400, now testing the 78700 area.
  setup[1] 73581e57  LONG  size=0.1
    entry_zone: 78590 -> 78630
    take_profit: [78950, 79100]   stop_loss: 78450
    hard:  ema_20 > ema_50; rsi_14 > 50
    soft:  macd_hist > 0 (w0.5); price > ema_200 (w0.3); obv > 0 (w0.2)
    invalidation: [hard] price < 78450 (intrabar); [soft] rsi_14 < 40 (on_close)

PLAN CREATED  2026-05-03 00:00:00  plan=5491d102  bias=neutral  regime=bull-low  setups=0
  rationale: Price near EMAs and RSI ~50 in a bull-low regime, no clear directional signal. Recent spike from 78400 to 78767 eased back, consolidation likely.

PLAN CREATED  2026-05-03 01:00:00  plan=98bd38cd  bias=neutral  regime=bull-low  setups=0
  rationale: RSI is weak (39.18) indicating bearish momentum, but price is above both EMA 50 and EMA 200, with a 'bull-low' regime. Recent price action shows a sharp drop from 78,500 to 78,322 on high volume, suggesting selling pressure. CVD slope is negative, confirming bearish divergence. Lack of clear directional conviction leads to neutral bias.

PLAN CREATED  2026-05-03 02:00:00  plan=bf5d1f88  bias=bearish  regime=bull-low  setups=1
  rationale: RSI-14 is below 30 (oversold) and price is below EMA-20 and EMA-50, indicating bearish momentum. MACD histogram is negative and decreasing. Recent candles show lower highs and lower lows. The current price is near the low of the last 24 hours, suggesting selling pressure. A short bias is favored.
  setup[1] d7f6f356  SHORT  size=0.05
    entry_zone: 78150 -> 78220
    take_profit: [77900, 77700]   stop_loss: 78320
    hard:  rsi_14 < 30; price < ema_20
    soft:  macd_hist < 0 (w0.8); price < ema_50 (w0.7)
    invalidation: [hard] price > 78350 (intrabar); [soft] rsi_14 crosses_above 40 (on_close)

PLAN CREATED  2026-05-03 03:00:00  plan=c69e6db7  bias=bearish  regime=bull-low  setups=1
  rationale: Price is below both EMA20 and EMA50, RSI is oversold (33.02), MACD histogram is negative and declining. Recent price action shows lower highs and lower lows after a spike. Volatility is low, trend is bull but momentum composite is weak. Bearish setup with tight stop above recent resistance.
  setup[1] 9c796d61  SHORT  size=0.05
    entry_zone: 78100 -> 78190
    take_profit: [77800, 77500]   stop_loss: 78350
    hard:  rsi_14 < 40; price < ema_20; macd_hist < 0
    soft:  momentum_composite < 0.5 (w0.7)
    invalidation: [hard] price >= 78400 (intrabar)
  -> SKIPPED: regime bull-low disallows short

PLAN CREATED  2026-05-03 04:00:00  plan=8abce4c7  bias=bearish  regime=bull-low  setups=1
  rationale: Price is below both EMA20 and EMA50, RSI is bearish at 36.8, MACD histogram negative and decreasing, recent price action shows lower highs and lower lows. Trend is bullish overall but short-term momentum is bearish. The current leg down is sharp and volume is elevated, suggesting continuation.
  setup[1] 22d09e11  SHORT  size=0.05
    entry_zone: 78103.2 -> 78150
    take_profit: [77700, 77500]   stop_loss: 78350
    hard:  rsi_14 < 40; close < ema_20; macd_hist < 0
    soft:  close < ema_50 (w0.8); vol_zscore_20 < -0.5 (w0.5)
    invalidation: [hard] close >= 78350 (on_close)
  -> SKIPPED: regime bull-low disallows short

PLAN CREATED  2026-05-03 05:00:00  plan=624660a3  bias=neutral  regime=bull-low  setups=0
  rationale: Price is below both EMA20 and EMA50, RSI near 45, bearish bias from recent drop but ATR low and volatility regime low. No clear setup with adequate RR given narrow entry zone constraints.

PLAN CREATED  2026-05-03 06:00:00  plan=1fa07fec  bias=bearish  regime=bull-low  setups=1
  rationale: Price is below both 20 and 50 EMA, RSI is below 50, and recent price action shows a downward drift with lower lows after a spike. Regime is bull-low but short-term bearish momentum suggests a short setup. ATR indicates reasonable volatility for a narrow entry zone.
  setup[1] 3ba92a3f  SHORT  size=0.05
    entry_zone: 78190 -> 78220
    take_profit: [77900, 77700]   stop_loss: 78320
    hard:  price < ema_20; price < ema_50; rsi_14 < 50
    soft:  macd_hist > 0 (w0.3); price < ema_200 (w0.2)
    invalidation: [hard] price > 78460 (on_close)

PLAN CREATED  2026-05-03 07:00:00  plan=03b3ecd7  bias=neutral  regime=bull-low  setups=0
  rationale: Price is near EMA20 and EMA50, RSI neutral (55), MACD histogram slightly positive but momentum composite moderate. Recent price action shows consolidation around 78100-78400 after a sharp move. Volatility is low and trend is bullish, but unclear direction in the short term. Lack of clear setup with sufficient reward:risk at worst-case fill.

PLAN CREATED  2026-05-03 08:00:00  plan=a3380ee7  bias=bullish  regime=bull-low  setups=1
  rationale: Price is above all EMAs (20, 50, 200) and regime is bull-low. MACD histogram is positive and increasing. RSI is above 50 but not overbought. Recent price recovered from dip near 78000 and closed strong at 78409.3. Bias is bullish.
  setup[1] 183b33f9  LONG  size=0.1
    entry_zone: 78300 -> 78400
    take_profit: [78700, 78900]   stop_loss: 78100
    hard:  ema_20 > ema_50; rsi_14 > 50
    soft:  macd_hist > 0 (w0.5)
    invalidation: [hard] price < 78000 (intrabar)

PLAN CREATED  2026-05-03 09:00:00  plan=53e8435b  bias=bullish  regime=bull-low  setups=1
  rationale: Price is above all key EMAs (20,50,200) and MACD histogram positive, trend 'bull', volatility 'low'. Recent price action shows a bounce from 78000 support and recovery above 78300, suggesting bullish continuation. However, RSI at 56 is not overbought, leaving room for upside.
  setup[1] 26b3255d  LONG  size=0.05
    entry_zone: 78320 -> 78390
    take_profit: [78850, 79000]   stop_loss: 78150
    hard:  price >= ema_20; price >= ema_50; macd_hist > 0
    soft:  rsi_14 > 50 (w0.5); obv > 0 (w0.5)
    invalidation: [hard] price <= 78150 (on_close)
----------------------------------------------------------------------------------------
CONFIRM  2026-05-03 09:00:00  plan=53e8435b setup=26b3255d  action=PARSE_FAIL  size_x=1
  price=78364.1  hard_ok=True  soft_score=1
  -> SKIPPED: parse_fail

PLAN CREATED  2026-05-03 10:00:00  plan=c1c57cf3  bias=bullish  regime=bull-low  setups=1
  rationale: Regime is bull-low, RSI is neutral-to-bullish (59.6), price is above all EMAs (20,50,200) and trending up from recent lows. MACD histogram positive and increasing. Momentum composite is bullish (0.86). Suitable for a long setup with tight stop below recent support.
  setup[1] c997fb02  LONG  size=0.05
    entry_zone: 78410 -> 78470
    take_profit: [78700, 78900, 79100]   stop_loss: 78280
    hard:  rsi_14 > 50; ema_20 > ema_50; price > ema_20; macd_hist > 0
    soft:  rsi_14 < 70 (w1); momentum_composite > 0.5 (w1); vol_zscore_20 < 1.5 (w0.5)
    invalidation: [hard] price < 78280 (intrabar)
----------------------------------------------------------------------------------------
CONFIRM  2026-05-03 10:00:00  plan=c1c57cf3 setup=c997fb02  action=CONFIRM  size_x=1
  price=78454.4  hard_ok=True  soft_score=1
  reason: Price within entry zone, all hard rules pass, soft score perfect, momentum composite strong, RSI moderate, no fading signals.
TRADE OPENED  2026-05-03 10:00:00  trade=5bb52b7d  plan=c1c57cf3 setup=c997fb02  LONG @ 78454.4  size=0.05
  -> EXECUTED — rr 1.41

PLAN CREATED  2026-05-03 11:00:00  plan=e16a4d91  bias=bullish  regime=bull-low  setups=1
  rationale: Price is above all EMAs (20, 50, 200) and EMAs are upward sloping. MACD histogram positive. RSI below 70 but above 50. Regime is bull-low volatility. Short-term pullback presents a long opportunity near EMA20/50 support.
  setup[1] 7b538f3b  LONG  size=0.05
    entry_zone: 78350 -> 78500
    take_profit: [79000, 79300, 80000]   stop_loss: 78200
    hard:  rsi_14 >= 40; rsi_14 <= 70; price > ema_200; price > ema_50
    soft:  macd_hist > 0 (w0.5); momentum_composite > 0.5 (w0.5)
    invalidation: [hard] price < 78200 (intrabar); [soft] rsi_14 > 80 (intrabar)
TRADE CLOSED  2026-05-03 11:00:00  trade=5bb52b7d  plan=c1c57cf3  reason=expiry  pnl=+0.04%
----------------------------------------------------------------------------------------
CONFIRM  2026-05-03 11:00:00  plan=e16a4d91 setup=7b538f3b  action=CONFIRM  size_x=1
  price=78487.5  hard_ok=True  soft_score=1
  reason: Price is inside entry zone, all hard rules pass, soft rules strongly met (soft_score 1.0, momentum composite 0.76 > 0.5, macd_hist positive), RSI at 59.7 (well within 40-70), price above EMAs. Fresh features confirm the setup with conviction.
TRADE OPENED  2026-05-03 11:00:00  trade=57313bfb  plan=e16a4d91 setup=7b538f3b  LONG @ 78487.5  size=0.05
  -> EXECUTED — rr 1.78

PLAN CREATED  2026-05-03 12:00:00  plan=0352034a  bias=bullish  regime=bull-low  setups=0
  rationale: Price is above all EMAs, RSI is elevated but not overbought, MACD histogram positive, recent strong upward move with volume. Regime is bull-low volatility, supportive for trend continuation.
TRADE CLOSED  2026-05-03 12:00:00  trade=57313bfb  plan=e16a4d91  reason=expiry  pnl=+0.42%

PLAN CREATED  2026-05-03 13:00:00  plan=f71b4775  bias=bullish  regime=side-low  setups=1
  rationale: RSI>60, EMA20>EMA50>EMA200, MACD histogram positive, recent price above all EMAs, and regime is trend side with low volatility. However, market is near recent highs and volume is moderate, so I set a narrow bullish zone with tight stop.
  setup[1] ed9f580d  LONG  size=0.05
    entry_zone: 78700 -> 78730
    take_profit: [78950, 79050]   stop_loss: 78580
    hard:  rsi_14 > 60; ema_20 > ema_50; macd_hist > 0
    soft:  price > ema_20 (w0.5); momentum_composite > 0.5 (w0.5)
    invalidation: [hard] price < 78580 (on_close); [warning] rsi_14 < 50 (intrabar)
  -> SKIPPED: regime side-low disallows long

PLAN CREATED  2026-05-03 14:00:00  plan=46d54b28  bias=neutral  regime=side-low  setups=0
  rationale: RSI near 60, price near EMAs, regime side-low, no clear momentum. Recent price action oscillating within a narrow range. Conditions are not compelling for a directional trade; best to wait.

PLAN CREATED  2026-05-03 15:00:00  plan=e030d258  bias=bullish  regime=side-low  setups=1
  rationale: Price is above 20, 50, and 200 EMAs; RSI at 59.8 showing moderate bullish momentum; MACD slightly negative but close to signal; recent price action consolidated after a spike; bias is cautiously bullish with potential for continuation.
  setup[1] 4bd48b69  LONG  size=0.1
    entry_zone: 78700 -> 78750
    take_profit: [79000]   stop_loss: 78550
    hard:  rsi_14 > 50; price > ema_20; price > ema_50
    soft:  ema_50 > ema_200 (w0.5); vol_zscore_20 < 1.5 (w0.3)
    invalidation: [hard] rsi_14 < 30 (intrabar); [warning] macd_hist < -10 (intrabar)
  -> SKIPPED: regime side-low disallows long
  -> SKIPPED: regime side-low disallows long

PLAN CREATED  2026-05-03 16:00:00  plan=2d878b91  bias=neutral  regime=side-low  setups=0
  rationale: Price near EMAs, RSI neutral, MACD negative, low volatility regime. No clear directional edge.

PLAN CREATED  2026-05-03 17:00:00  plan=8688d73e  bias=neutral  regime=side-low  setups=0
  rationale: BTC is in a side-low regime with low volatility. Price is near the EMA20 and EMA50, RSI around 53, and MACD histogram is negative but narrowing. Recent price action shows consolidation around 78500-78700. No clear directional bias; waiting for a breakout or confluence. Existing ETH short position occupies 5% equity, leaving room for BTC but not compelling.

PLAN CREATED  2026-05-03 18:00:00  plan=66bcc75a  bias=neutral  regime=side-low  setups=0
  rationale: Price is near EMAs (20, 50, 200), RSI neutral, MACD slightly bearish but no strong momentum. Regime is side-low, volume low, no clear directional signal. No strong setup with adequate risk/reward given narrow entry zone constraints.

PLAN CREATED  2026-05-03 19:00:00  plan=419d2681  bias=neutral  regime=side-low  setups=0
  rationale: Price consolidating in a narrow range near EMAs; RSI near 50; MACD histogram negative but close to zero; low volatility regime; no clear directional signal.

PLAN CREATED  2026-05-03 20:00:00  plan=12fdabed  bias=bullish  regime=side-low  setups=1
  rationale: BTC on 15m is showing a mild uptrend after breaking above EMA_20 and EMA_50, with RSI around 53 (neutral-bullish), MACD histogram turning slightly negative but near zero, and price consolidating near recent highs. The recent price action has made higher highs (78850) and higher lows, and the ATR is low, suggesting a potential breakout. The regime is side-low, but momentum composite is slightly positive (0.38).
  setup[1] c6812506  LONG  size=0.08
    entry_zone: 78690 -> 78710
    take_profit: [78850, 78900]   stop_loss: 78600
    hard:  price >= ema_20; rsi_14 > 50; macd_hist > -3
    soft:  rsi_14 < 70 (w0.5); price > ema_50 (w0.3)
    invalidation: [hard] price <= 78500 (intrabar)
  -> SKIPPED: regime side-low disallows long

PLAN CREATED  2026-05-03 21:00:00  plan=4916942a  bias=bullish  regime=side-low  setups=1
  rationale: Price is above all major EMAs (20, 50, 200) with RSI at 64.80 (bullish momentum), MACD histogram positive and rising, and recent candles showing higher highs. ATR is low relative to price (~0.18%) indicating low volatility regime with an uptrend bias. Volume surged in recent candles supporting bullish pressure.
  setup[1] 6ca48f19  LONG  size=0.06
    entry_zone: 78980 -> 79050
    take_profit: [79500, 79800]   stop_loss: 78700
    hard:  ema_20 > ema_50; ema_50 > ema_200; rsi_14 > 50; macd_hist > 0
    soft:  price > ema_20 (w1); momentum_composite > 0.5 (w0.8)
    invalidation: [hard] price < ema_20 (on_close); [soft] rsi_14 < 50 (on_close)

PLAN CREATED  2026-05-03 21:45:00  plan=3ab8a776  bias=neutral  regime=side-low  setups=0
  rationale: Price is near ema_20 and ema_50, RSI around 50, no clear momentum. Volume spikes with no follow-through. Regime is side-low volatility, suggesting range-bound conditions. No clear directional opportunity with sufficient RR given rules.

PLAN CREATED  2026-05-03 22:45:00  plan=0036e4be  bias=neutral  regime=side-low  setups=0
  rationale: Price is oscillating within a narrow range, with RSI near 60, no clear breakout, and low volatility regime. No setup with adequate risk-reward meets the criteria.

PLAN CREATED  2026-05-03 23:45:00  plan=6ac55b2b  bias=bullish  regime=side-low  setups=1
  rationale: Recent price action shows a strong bullish spike from ~78600 to ~79400, followed by a sharp pullback. RSI is near oversold at 41.5, while price is above all EMAs (20,50,200). The pullback may be a retest of the EMA20 (~78821) or EMA50 (~78728) before continuing upward. Regime is side-low but momentum composite is positive. Given the recent volume surge and price structure, a long from a bounce near EMA support offers favorable risk/reward.
  setup[1] 2daca6a8  LONG  size=0.1
    entry_zone: 78600 -> 78730
    take_profit: [79350, 79500, 79700]   stop_loss: 78450
    hard:  rsi_14 > 40; price > ema_200; price > ema_50
    soft:  macd_hist >= -60 (w0.5); momentum_composite > 0 (w0.5)
    invalidation: [hard] price < 78400 (on_close)

PLAN CREATED  2026-05-04 00:30:00  plan=45f24a40  bias=bearish  regime=side-low  setups=1
  rationale: Price is below all EMAs, RSI is bearish (37.99), MACD histogram negative and decreasing, recent sharp drop from 79428.9 to 78355.3 with high volume, indicating bearish momentum. Regime is side-low, but price is trending down.
  setup[1] 6cab1b1a  SHORT  size=0.1
    entry_zone: 78413.7 -> 78690.6
    take_profit: [77600, 77000, 76300]   stop_loss: 79200
    hard:  rsi_14 < 50; price < ema_20; price < ema_50; macd_hist < 0
    soft:  rsi_14 < 40 (w0.5); vol_zscore_20 < 0 (w0.3); macd < macd_signal (w0.2)
    invalidation: [hard] price > 79500 (intrabar); [warning] rsi_14 > 60 (intrabar)

PLAN CREATED  2026-05-04 01:30:00  plan=2ef8e0e8  bias=bullish  regime=side-low  setups=1
  rationale: Price is near EMAs with RSI neutral but MACD negative; recent high volume spike and recovery from lows suggest potential upside. Regime is side-low but momentum composite positive.
  setup[1] c31c39a3  LONG  size=0.05
    entry_zone: 78640 -> 78749.9
    take_profit: [79240, 79500]   stop_loss: 78300
    hard:  rsi_14 > 45; price > ema_20; price > ema_50
    soft:  macd_hist > -30 (w0.5); vol_zscore_20 > 1.5 (w0.3); momentum_composite > 0.5 (w0.2)
    invalidation: [hard] price < 78500 (on_close); [soft] rsi_14 < 40 (on_close)
  -> SKIPPED: regime side-low disallows long

PLAN CREATED  2026-05-04 02:30:00  plan=5c81f67d  bias=bullish  regime=side-low  setups=1
  rationale: RSI(14) at 71.35 suggests overbought but not extreme, MACD histogram positive and rising, price above all EMAs (20,50,200) with bullish order, recent volume surge confirms momentum, regime is side-low so volatility is low but bias favors continuation.
  setup[1] fae45110  LONG  size=0.08
    entry_zone: 80100 -> 80250
    take_profit: [80900, 81450]   stop_loss: 79850
    hard:  price > ema_20; price > ema_200; macd_hist > 0
    soft:  rsi_14 > 50 (w0.6); vol_zscore_20 > 0.5 (w0.4)
    invalidation: [hard] price < ema_50 (on_close)
  -> SKIPPED: regime side-low disallows long
  -> SKIPPED: regime side-low disallows long

PLAN CREATED  2026-05-04 03:30:00  plan=323352da  bias=bullish  regime=side-low  setups=1
  rationale: Trend is side-low, but recent price action shows a strong upward push from ~78300 to ~80200 with high volume, indicating bullish momentum. RSI at 63.8 not overbought, MACD histogram positive and above signal, EMAs in bullish order (20>50>200). Despite a neutral regime entry, the bullish breakout in the last few hours suggests a continuation opportunity on pullbacks.
  setup[1] d06ef926  LONG  size=0.1
    entry_zone: 79600 -> 79900
    take_profit: [81200, 81800, 82500]   stop_loss: 79200
    hard:  rsi_14 > 40; price > ema_50; macd_hist > 0
    soft:  price > ema_20 (w0.5); rsi_14 < 70 (w0.5)
    invalidation: [hard] price < 79000 (intrabar); [warning] vol_zscore_20 < -1 (on_close)

PLAN CREATED  2026-05-04 04:30:00  plan=aca9c44e  bias=bullish  regime=bull-low  setups=1
  rationale: Strong uptrend with price above all EMAs, MACD bullish, RSI bullish but not overbought. Recent pullback retested breakout area and bounced. Regime is bull-low, supporting continuation.
  setup[1] f88f3871  LONG  size=0.08
    entry_zone: 80300 -> 80350
    take_profit: [81000, 81300, 81600]   stop_loss: 80000
    hard:  price > ema_50; price > ema_200; rsi_14 > 50; macd_hist > 0
    soft:  rsi_14 < 75 (w0.5); ema_20 > ema_50 (w0.3); price > ema_20 (w0.2)
    invalidation: [hard] price <= 80000 (intrabar); [warning] rsi_14 > 75 (on_close)
----------------------------------------------------------------------------------------
CONFIRM  2026-05-04 04:30:00  plan=aca9c44e setup=f88f3871  action=CONFIRM  size_x=1
  price=80306.5  hard_ok=True  soft_score=1
  reason: Price is within entry zone, all hard rules pass, soft score is 1.0 (full), momentum composite is bullish (0.96), macd_hist positive, rsi_14 (66.95) well below 75, and price above all key EMAs with EMAs in bullish order.
TRADE OPENED  2026-05-04 04:30:00  trade=4ac29e66  plan=aca9c44e setup=f88f3871  LONG @ 80306.5  size=0.08
  -> EXECUTED — rr 2.26
TRADE CLOSED  2026-05-04 05:15:00  trade=4ac29e66  plan=aca9c44e  reason=sl  pnl=-0.38%

PLAN CREATED  2026-05-04 05:30:00  plan=6aa29240  bias=bullish  regime=bull-low  setups=1
  rationale: Price is above all EMAs (20, 50, 200) indicating uptrend, RSI at 58.84 (not overbought), recent momentum high, regime is bull-low volatility. MACD histogram negative but flattening. Overall bullish bias persists.
  setup[1] abf7c142  LONG  size=0.1
    entry_zone: 80000 -> 80046.8
    take_profit: [80500, 80800]   stop_loss: 79750
    hard:  price > ema_50; rsi_14 > 50
    soft:  macd_hist > -30 (w0.5); price > ema_20 (w0.5)
    invalidation: [hard] price < 79750 (on_close); [warning] rsi_14 > 70 (on_close)
----------------------------------------------------------------------------------------
CONFIRM  2026-05-04 05:30:00  plan=6aa29240 setup=abf7c142  action=CONFIRM  size_x=1
  price=80046.8  hard_ok=True  soft_score=1
  reason: All hard and soft conditions are met. RSI(58.8) above 50, price above both EMAs, macd_hist slightly negative but soft_score is 1.0, entry zone high at 80046.8 exactly matches current price, stop loss is 297 points below, giving a favorable R/R. Momentum composite positive. No invalidation triggered.
TRADE OPENED  2026-05-04 05:30:00  trade=d2eac6ab  plan=6aa29240 setup=abf7c142  LONG @ 80046.8  size=0.1
  -> EXECUTED — rr 1.53
TRADE CLOSED  2026-05-04 06:15:00  trade=d2eac6ab  plan=6aa29240  reason=sl  pnl=-0.37%

PLAN CREATED  2026-05-04 06:30:00  plan=2a579103  bias=neutral  regime=bull-low  setups=0
  rationale: RSI near 50, price around EMAs, volume declining. No clear edge. Avoid forcing a trade.

PLAN CREATED  2026-05-04 07:30:00  plan=b1667699  bias=neutral  regime=bull-low  setups=0
  rationale: Price is consolidating near 79820 after a sharp rally from 78300 to 80426, with RSI at 52.4 (neutral), MACD histogram negative and declining, and low volatility regime. Volume is modest. No clear directional edge.

PLAN CREATED  2026-05-04 08:30:00  plan=38041411  bias=neutral  regime=bull-low  setups=0
  rationale: Price is near EMAs but below recent highs; RSI is near 50; momentum composite slightly positive; regime is bull-low; no clear entry with good RR. No setup is proposed.

PLAN CREATED  2026-05-04 09:30:00  plan=fcc0f5e1  bias=bullish  regime=bull-low  setups=1
  rationale: Trend is bullish, price above all EMAs, RSI neutral yet rising, MACD may soon cross positive. Recent price action shows a sharp bounce from 78300 support, now consolidating around 79800 with low volatility. Bias is bullish but waiting for confirmation.
  setup[1] 3e57345c  LONG  size=0.06
    entry_zone: 79680 -> 79720
    take_profit: [80200, 80500]   stop_loss: 79510
    hard:  price > ema_20; rsi_14 > 50; price > ema_50
    soft:  vol_zscore_20 > -0.5 (w0.3); macd_hist > -50 (w0.2)
    invalidation: [hard] price < 79400 (intrabar)

PLAN CREATED  2026-05-04 10:15:00  plan=66fb6cfd  bias=bearish  regime=bull-low  setups=0
  rationale: RSI 14 at 24.06 indicates oversold, but breaking below EMAs and bearish MACD suggest continued selling pressure in a recent selloff. Trend is still bull, but short-term momentum is strongly bearish after a 2% drop. A contrarian long setup is considered if volume sustains, but current risk-reward favors a short if bounce fails.

PLAN CREATED  2026-05-04 11:15:00  plan=1720dbf2  bias=neutral  regime=bull-low  setups=0
  rationale: Price dropped sharply from ~80400 area to ~78900, now consolidating near 78900. RSI 14 is 38 (oversold-ish) but momentum composite is low positive. EMAs are mixed as price is below EMA20 and EMA50 but above EMA200. Recent high volume spike suggests selling pressure may be exhausting. No clear setup meets risk/reward criteria with narrow entry zone.

PLAN CREATED  2026-05-04 12:15:00  plan=ee2ad9dd  bias=bearish  regime=bull-low  setups=1
  rationale: RSI at 41.3 in bearish territory, price below both 20 and 50 EMAs, MACD and histogram negative, recent sharp drop from ~80300 to 78920 suggests bearish momentum. Regime is bull-low but price action broke below key MAs, favoring shorts.
  setup[1] 3306499e  SHORT  size=0.05
    entry_zone: 78950 -> 79050
    take_profit: [78200, 77600]   stop_loss: 79350
    hard:  price <= ema_20; price <= ema_50; rsi_14 <= 45; macd_hist <= 0
    soft:  momentum_composite <= 0.2 (w0.5)
    invalidation: [hard] price >= ema_20 (on_close); [warning] rsi_14 >= 55 (on_close)

PLAN CREATED  2026-05-04 13:15:00  plan=b759f8a5  bias=bearish  regime=bull-low  setups=1
  rationale: Price is below both EMA20 and EMA50, RSI is bearish (42.86), MACD histogram positive but small, and recent OHLCV shows a drop from 80426 to 78128 then recovery, suggesting selling pressure. Trend is bullish but volatility is low, and price is retesting support.
  setup[1] e46522dd  SHORT  size=0.08
    entry_zone: 78900 -> 78950
    take_profit: [78500, 78200]   stop_loss: 79250
    hard:  price <= ema_20; price <= ema_50; rsi_14 < 50
    soft:  macd_hist > 0 (w0.5)
    invalidation: [hard] price > 79300 (on_close); [soft] rsi_14 >= 60 (on_close)
  -> SKIPPED: regime bull-low disallows short
  -> SKIPPED: regime bull-low disallows short

PLAN CREATED  2026-05-04 14:15:00  plan=4961d6b0  bias=neutral  regime=bull-low  setups=0
  rationale: Price is near 200 EMA but below 20 and 50 EMAs, RSI near 50, MACD histogram mildly positive but MACD below signal, recent sharp drop and partial recovery suggest consolidation. Low volatility regime and no strong directional signal. Risk limits allow only one position and already open ETH short, so no BTC setups this time.

PLAN CREATED  2026-05-04 15:15:00  plan=8d4fd07e  bias=bullish  regime=bull-low  setups=1
  rationale: Price recovered from a sharp dip near 78128 to 79654, with upward momentum. RSI at 57 (neutral-bullish), MACD histogram positive and increasing, and price above all EMAs. Regime is bull-low, supporting mean reversion or trend continuation. The recent bounce from 78550 area suggests buyers stepping in. Setting up a long for a retracement toward recent highs.
  setup[1] 7fecd450  LONG  size=0.08
    entry_zone: 79450 -> 79550
    take_profit: [80100, 80500]   stop_loss: 79100
    hard:  price <= 79550; price >= 79450
    soft:  rsi_14 > 50 (w0.5); macd_hist > 0 (w0.5)
    invalidation: [hard] price < 79100 (intrabar)

PLAN CREATED  2026-05-04 16:15:00  plan=4ff87661  bias=bullish  regime=bull-low  setups=0
  rationale: RSI is above 60, price above EMA(50) and EMA(200), MACD positive and rising, and trend regime is bull-low, suggesting continuation. However, recent volatility with a sharp dip and recovery indicates caution.

PLAN CREATED  2026-05-04 17:15:00  plan=aefd9806  bias=bullish  regime=bull-low  setups=1
  rationale: Price is above all key EMAs (20, 50, 200) indicating bullish trend. MACD histogram positive and rising, RSI at 63.5 in bullish territory, and the price recovered strongly from the 10:00 dip. Recent 15m candles show higher lows and high volume on upward moves. Regime is bull-low, supporting a long bias.
  setup[1] d543ea9e  LONG  size=0.1
    entry_zone: 80200 -> 80300
    take_profit: [80700, 81000]   stop_loss: 80000
    hard:  price >= ema_20; price >= ema_50; macd_hist > 0
    soft:  rsi_14 < 70 (w0.5)
    invalidation: [hard] price < 79900 (on_close)
----------------------------------------------------------------------------------------
CONFIRM  2026-05-04 17:30:00  plan=aefd9806 setup=d543ea9e  action=PARSE_FAIL  size_x=1
  price=80232.5  hard_ok=True  soft_score=1
  -> SKIPPED: parse_fail

PLAN CREATED  2026-05-04 18:15:00  plan=0c35fbf9  bias=bullish  regime=bull-low  setups=1
  rationale: Price is above all EMAs (20, 50, 200) indicating bullish trend. RSI at 58.6 shows upward momentum without being overbought. MACD histogram positive and above signal. Recent price action shows a sharp drop to 78128 area followed by recovery, suggesting support around 79500. Volume spike during recovery confirms buying interest. Regime indicates bull-low volatility, favoring trend continuation. Volatility is low, reducing risk of sharp reversals.
  setup[1] f3afddd1  LONG  size=0.1
    entry_zone: 80150 -> 80250
    take_profit: [80800, 81200]   stop_loss: 79850
    hard:  rsi_14 > 50; price > ema_50; price > ema_200
    soft:  macd_hist > 0 (w1)
    invalidation: [hard] price < 79850 (intrabar)
----------------------------------------------------------------------------------------
CONFIRM  2026-05-04 18:15:00  plan=0c35fbf9 setup=f3afddd1  action=CONFIRM  size_x=1
  price=80220.2  hard_ok=True  soft_score=1
  reason: Price at 80220.2 is within entry zone (80150-80250). RSI 58.6 > 50, price above both EMAs, macd_hist positive. All conditions met with strong conviction.
TRADE OPENED  2026-05-04 18:15:00  trade=6f831880  plan=0c35fbf9 setup=f3afddd1  LONG @ 80220.2  size=0.1
  -> EXECUTED — rr 1.57

PLAN CREATED  2026-05-04 19:15:00  plan=baea61c3  bias=neutral  regime=bull-low  setups=0
  rationale: RSI near 50, MACD histogram negative but narrowing, price below EMA_20, recent volatility spike with a sharp drop and recovery. Regime is bullish but low volatility suggests range. No clear edge.
TRADE CLOSED  2026-05-04 19:15:00  trade=6f831880  plan=0c35fbf9  reason=sl  pnl=-0.46%

PLAN CREATED  2026-05-04 20:15:00  plan=52357140  bias=neutral  regime=bull-low  setups=0
  rationale: RSI near 50, price near ema_20 and below recent high after a volatile session; trend is bullish but volatility is low, and the recent drop from 80k+ suggests consolidation. No clear edge for a high-probability setup with adequate RR at the zone edge.

PLAN CREATED  2026-05-04 21:15:00  plan=e7226dd7  bias=bullish  regime=bull-low  setups=1
  rationale: Price is above all major EMAs (20, 50, 200) with a bullish regime. RSI is neutral, MACD histogram negative but converging. Price recently recovered from a dip and is testing recent highs. A long setup with tight stop below recent support offers favorable risk-reward.
  setup[1] be335452  LONG  size=0.08
    entry_zone: 80100 -> 80200
    take_profit: [80500, 80800]   stop_loss: 79950
    hard:  price > ema_20; price > ema_50; price > ema_200
    soft:  rsi_14 > 50 (w0.6); macd_hist > -40 (w0.4)
    invalidation: [hard] price <= 79950 (intrabar)
----------------------------------------------------------------------------------------
CONFIRM  2026-05-04 21:15:00  plan=e7226dd7 setup=be335452  action=PARSE_FAIL  size_x=1
  price=80157.6  hard_ok=True  soft_score=1
  -> SKIPPED: parse_fail
----------------------------------------------------------------------------------------
CONFIRM  2026-05-04 21:30:00  plan=e7226dd7 setup=be335452  action=CONFIRM  size_x=1
  price=80195.2  hard_ok=True  soft_score=1
  reason: Price within entry zone, hard rules met, soft score perfect, RSI above 50, momentum composite positive.
TRADE OPENED  2026-05-04 21:30:00  trade=2a2a8beb  plan=e7226dd7 setup=be335452  LONG @ 80195.2  size=0.08
  -> EXECUTED — rr 1.24

PLAN CREATED  2026-05-04 22:15:00  plan=a8ea38d2  bias=bullish  regime=bull-low  setups=0
  rationale: Trend is bull, volatility low, RSI neutral-to-bullish (57), price above all major EMAs, recent price action shows higher lows and a push above 80k, supporting a long bias. Existing long BTC position suggests caution, but we can look for an additional long setup with careful risk management.
TRADE CLOSED  2026-05-04 22:15:00  trade=2a2a8beb  plan=e7226dd7  reason=expiry  pnl=+0.03%

PLAN CREATED  2026-05-04 23:15:00  plan=0ede8382  bias=neutral  regime=bull-low  setups=0
  rationale: RSI near 50, price consolidating around EMAs with no clear breakout. Low volatility regime and recent price action shows indecision. Macd histogram negative but flattish. No strong signal for a setup.

PLAN CREATED  2026-05-05 00:15:00  plan=1df07480  bias=neutral  regime=bull-low  setups=0
  rationale: RSI is neutral (below 50) and price is near EMAs (20/50/200) in a bull-low regime, but recent price action shows a bearish candle closing near low with declining volume. No clear directional edge; waiting for confirmation.

PLAN CREATED  2026-05-05 01:15:00  plan=e6abe718  bias=bullish  regime=bull-low  setups=1
  rationale: BTC is in a bull regime with low volatility and trending above EMAs (20,50,200). RSI is neutral at 57.8, MACD histogram positive and rising. Price is consolidating near highs after a strong breakout yesterday. A slight pullback may offer a long entry with tight stop below recent support.
  setup[1] 7950e3ba  LONG  size=0.05
    entry_zone: 80130 -> 80180
    take_profit: [80500, 80800]   stop_loss: 79980
    hard:  price > ema_50; rsi_14 > 50
    soft:  macd_hist > 0 (w0.7); price > ema_20 (w0.5)
    invalidation: [hard] price <= 79980 (on_close)

PLAN CREATED  2026-05-05 02:15:00  plan=2bf3d821  bias=bullish  regime=bull-low  setups=1
  rationale: Price is above all major EMAs (20, 50, 200) in a bull regime with low volatility. RSI at 63.6 is bullish but not overbought. MACD histogram positive and rising. Recent price action shows a pullback from highs to the EMA 20 area followed by a rebound, suggesting continuation.
  setup[1] e9b123e0  LONG  size=0.1
    entry_zone: 80250 -> 80350
    take_profit: [80850, 81200]   stop_loss: 80050
    hard:  rsi_14 > 50; close > ema_50; macd_hist > 0
    soft:  close > ema_20 (w0.5); rsi_14 < 70 (w0.3); vol_zscore_20 < 1 (w0.2)
    invalidation: [hard] close < ema_200 (on_close); [soft] rsi_14 crosses_below 40 (on_close)

PLAN CREATED  2026-05-05 03:15:00  plan=5c533083  bias=bullish  regime=bull-low  setups=1
  rationale: RSI_14 is 66 (not overbought), price above EMA_20, EMA_20 > EMA_50 > EMA_200 (bullish alignment), MACD histogram positive and increasing, volatility low, trend regime bull-low. Recent price action shows higher lows and break above 80800 area. Favorable conditions for a long setup.
  setup[1] b0fe684b  LONG  size=0.1
    entry_zone: 80645 -> 80745
    take_profit: [81350, 81650, 82000]   stop_loss: 80380
    hard:  rsi_14 > 50; close > ema_20; ema_20 > ema_50; macd_hist > 0
    soft:  momentum_composite > 0.5 (w0.7); obv > 70000 (w0.3)
    invalidation: [hard] price < 80380 (intrabar); [warning] rsi_14 > 75 (intrabar)

PLAN CREATED  2026-05-05 04:15:00  plan=7cd78577  bias=bullish  regime=bull-low  setups=1
  rationale: Price is above all EMAs, trend is bull, volatility low, RSI at 63 not overbought, MACD histogram positive and rising. The recent pullback from high 80876 to 80750 may offer a bounce entry.
  setup[1] 122f5e8c  LONG  size=0.05
    entry_zone: 80700 -> 80750
    take_profit: [81200, 81500]   stop_loss: 80500
    hard:  rsi_14 > 50; ema_20 > ema_50; close > ema_20
    soft:  volume > 700 (w0.5); macd_hist > 0 (w1)
    invalidation: [hard] close <= 80500 (intrabar); [soft] rsi_14 < 40 (on_close)
----------------------------------------------------------------------------------------
CONFIRM  2026-05-05 04:15:00  plan=7cd78577 setup=122f5e8c  action=CONFIRM  size_x=1
  price=80749.9  hard_ok=True  soft_score=1
  reason: All hard rules pass, price at 80749.9 within entry zone (80700-80750), RSI above 50, EMA20 above EMA50, close above EMA20, soft score 1.0, momentum composite high, MACD histogram positive. Conviction is strong.
TRADE OPENED  2026-05-05 04:15:00  trade=6f688d7a  plan=7cd78577 setup=122f5e8c  LONG @ 80749.9  size=0.05
  -> EXECUTED — rr 1.80

PLAN CREATED  2026-05-05 05:15:00  plan=e1300b06  bias=bullish  regime=bull-low  setups=1
  rationale: Price action shows continuous higher highs, RSI at 68.79 (not overbought), MACD histogram positive, trend is bull-low volatility. Recent pullback to EMAs (20,50) respected as support. Setup aims to ride continuation.
  setup[1] 23cca9ae  LONG  size=0.05
    entry_zone: 80825 -> 80860
    take_profit: [81250, 81500, 81800]   stop_loss: 80600
    hard:  rsi_14 > 50; price > ema_20; price > ema_50; price > ema_200
    soft:  macd_hist > 0 (w1); vol_zscore_20 > 1 (w0.8); cvd_slope_10 > 0 (w0.6); momentum_composite > 0.5 (w0.5)
    invalidation: [hard] price <= 80600 (intrabar); [warning] rsi_14 > 80 (on_close)
TRADE CLOSED  2026-05-05 05:15:00  trade=6f688d7a  plan=7cd78577  reason=expiry  pnl=+0.32%

PLAN CREATED  2026-05-05 06:15:00  plan=9cbdd0bf  bias=bullish  regime=bull-low  setups=1
  rationale: Price is above all major EMAs (20, 50, 200) indicating bullish trend. RSI is neutral around 57, not overbought. MACD histogram slightly negative but close to zero, suggesting potential bullish crossover. Recent price action shows higher highs and higher lows. Regime is bull-low volatility, favoring trend continuation.
  setup[1] a3cadd25  LONG  size=0.1
    entry_zone: 80850 -> 80950
    take_profit: [81500, 81800]   stop_loss: 80650
    hard:  price > ema_50; price > ema_200; rsi_14 > 50; ema_20 > ema_50
    soft:  macd_hist > 0 (w0.5); vol_zscore_20 > -1 (w0.3); momentum_composite > 0 (w0.2)
    invalidation: [hard] price < 80650 (intrabar); [warning] rsi_14 > 70 (on_close)

PLAN CREATED  2026-05-05 07:15:00  plan=6eca2124  bias=bullish  regime=bull-low  setups=1
  rationale: Trend is bull, volatility low, RSI above 50, price above EMAs, momentum composite > 0.5. Recent pullback to EMA20 support, then bounce. Suitable for long setup.
  setup[1] b32b3fe2  LONG  size=0.1
    entry_zone: 80750 -> 80850
    take_profit: [81200, 81500]   stop_loss: 80500
    hard:  price > ema_50; rsi_14 > 50
    soft:  macd_hist > macd_signal (w0.5); momentum_composite > 0.5 (w0.5)
    invalidation: [hard] price < 80500 (intrabar)

PLAN CREATED  2026-05-05 08:15:00  plan=00fa833b  bias=bullish  regime=bull-low  setups=1
  rationale: Price is above all EMAs and trend is bull with low volatility. RSI at 54 shows neutral upward momentum, MACD hist negative but near crossover, recent price action shows higher lows. Bias is mildly bullish with caution for overextended rallies near ATR.
  setup[1] 14f3f454  LONG  size=0.04
    entry_zone: 80800 -> 80830
    take_profit: [81020, 81150]   stop_loss: 80650
    hard:  price > ema_20; ema_20 > ema_50; price < ema_200
    soft:  rsi_14 > 50 (w0.5); macd_hist > 0 (w0.5)
    invalidation: [hard] price < 80650 (intrabar)

PLAN CREATED  2026-05-05 09:15:00  plan=207efff3  bias=neutral  regime=bull-low  setups=0
  rationale: Price is consolidating near 80620, below recent high around 81278, with RSI around 45 showing no clear momentum. MACD histogram negative, trend still bull but volatility low. No clear entry with favorable RR given current range-bound action.

PLAN CREATED  2026-05-05 10:15:00  plan=862e1e8e  bias=neutral  regime=bull-low  setups=0
  rationale: RSI near 50, price oscillating around EMAs, no clear momentum, low volatility regime. No high-conviction setup meeting RR criteria.

PLAN CREATED  2026-05-05 11:15:00  plan=9e4924ef  bias=bullish  regime=bull-low  setups=1
  rationale: Price is above all major EMAs (20,50,200), RSI is bullish (60), MACD histogram positive, trend regime is bull-low volatility. Recent price action shows a dip to 80515 then recovery to 80900, indicating support. CVD slope positive suggests buying pressure. Bias is bullish.
  setup[1] b46bb2c2  LONG  size=0.05
    entry_zone: 80850 -> 80950
    take_profit: [81200, 81400]   stop_loss: 80700
    hard:  price > ema_20; rsi_14 > 50; macd_hist > 0
    soft:  cvd_slope_10 > 0 (w0.5)
    invalidation: [hard] price < ema_50 (on_close)
----------------------------------------------------------------------------------------
CONFIRM  2026-05-05 11:15:00  plan=9e4924ef setup=b46bb2c2  action=CONFIRM  size_x=1
  price=80900.1  hard_ok=True  soft_score=1
  reason: Price within entry zone, all hard rules met, RSI above 50, MACD histogram positive, CVD slope positive, momentum composite bullish.
TRADE OPENED  2026-05-05 11:15:00  trade=cd178ab5  plan=9e4924ef setup=b46bb2c2  LONG @ 80900.1  size=0.05
  -> EXECUTED — rr 1.50

PLAN CREATED  2026-05-05 12:15:00  plan=bbb8ebeb  bias=bullish  regime=bull-low  setups=0
  rationale: Price is above all EMAs, RSI at 70 (slightly overbought but not extreme), MACD bullish, trend regime is bull-low. Recent price action shows a dip to 80515 and recovery to new highs above 81100. Momentum composite positive.
  -> SCALED OUT 0.50 at tp1 @ 81200.0 (leg +0.37%) — stop→breakeven
TRADE CLOSED  2026-05-05 13:00:00  trade=cd178ab5  plan=9e4924ef  reason=tp  pnl=+0.49%

PLAN CREATED  2026-05-05 13:15:00  plan=652a83ae  bias=bullish  regime=bull-low  setups=0
  rationale: Price is above all EMAs (20, 50, 200) with a bullish trend regime and low volatility. RSI at 68.56 indicates strong but not overbought momentum. MACD histogram positive and increasing. Recent price action shows a clear uptrend with higher highs and higher lows. Volume spike and positive OBV support continuation.

PLAN CREATED  2026-05-05 14:15:00  plan=8f3c16d9  bias=bullish  regime=bull-low  setups=1
  rationale: Price is above all EMAs (20, 50, 200), RSI is neutral-bullish (60.8), MACD histogram positive and rising. Trend regime is bull-low volatility. Recent candles show a pullback to the EMA20 area then a bounce, indicating support. The overall momentum composite is positive (0.686). Setup based on a long from current pullback area with tight stop below recent low.
  setup[1] 7c09171c  LONG  size=0.1
    entry_zone: 81250 -> 81354.4
    take_profit: [82000, 82500]   stop_loss: 80890
    hard:  price > ema_20; rsi_14 > 50; macd_hist > 0
    soft:  momentum_composite > 0.5 (w0.5)
    invalidation: [hard] price <= 80890 (intrabar)
----------------------------------------------------------------------------------------
CONFIRM  2026-05-05 14:15:00  plan=8f3c16d9 setup=7c09171c  action=CONFIRM  size_x=1
  price=81354.4  hard_ok=True  soft_score=1
  reason: Price at 81354.4 is within entry zone 81250-81354.4, all hard rules pass (price>ema_20, rsi>50, macd_hist>0), soft score 1.0, momentum composite 0.69 > 0.5, no invalidation. Structure supportive.
TRADE OPENED  2026-05-05 14:15:00  trade=1a9a4bf9  plan=8f3c16d9 setup=7c09171c  LONG @ 81354.4  size=0.1
  -> EXECUTED — rr 1.39

PLAN CREATED  2026-05-05 15:15:00  plan=0a11da07  bias=bullish  regime=bull-low  setups=0
  rationale: Price is above all major EMAs (20, 50, 200) which are in bullish order, RSI is above 60 indicating bullish momentum, MACD histogram positive, regime is bull-low, and recent price action shows a clear uptrend from low 80500s to current levels.
TRADE CLOSED  2026-05-05 15:15:00  trade=1a9a4bf9  plan=8f3c16d9  reason=expiry  pnl=+0.26%

PLAN CREATED  2026-05-05 16:15:00  plan=777176e2  bias=bullish  regime=bull-low  setups=0
  rationale: Price is above all EMAs (20,50,200) with a bullish trend regime. RSI is neutral, MACD histogram slightly negative but close to zero. Recent price action shows higher lows and a push above 81600. ATR indicates moderate volatility. Bias is bullish but setup quality is marginal due to mixed momentum.

PLAN CREATED  2026-05-05 17:15:00  plan=b583b14d  bias=bullish  regime=bull-low  setups=1
  rationale: Price is above all EMAs, RSI is neutral but not overbought, MACD histogram is negative but converging. Volatility is low, trend is bull. Recent price action shows consolidation near 81300-81500 after a push higher. A long setup targeting the recent highs is reasonable.
  setup[1] e507e20e  LONG  size=0.08
    entry_zone: 81220 -> 81320
    take_profit: [81700, 82000]   stop_loss: 81080
    hard:  price > ema_50; price > ema_200; rsi_14 > 50
    soft:  macd_hist crosses_above 0 (w0.5); obv > obv (w0.3)
    invalidation: [hard] price < 81080 (intrabar)

PLAN CREATED  2026-05-05 18:15:00  plan=94eed96e  bias=neutral  regime=bull-low  setups=0
  rationale: The market is in a bull-low regime with price near EMA20 and EMA50, RSI at 54.9, MACD histogram negative but flattening. Recent price action shows a bounce from 81000 area but failure to sustain above 81500. No clear directional edge; risk limits suggest caution.

PLAN CREATED  2026-05-05 19:15:00  plan=24d674a3  bias=bullish  regime=bull-low  setups=0
  rationale: Regime is bull-low, price above all major EMAs, RSI neutral-bullish, MACD histogram slightly negative but converging. Recent price action shows consolidation near highs with a slight bullish bias. Trend is bullish.

PLAN CREATED  2026-05-05 20:15:00  plan=c3a2fb7d  bias=neutral  regime=bull-low  setups=0
  rationale: BTC is in a bull-low regime but price is consolidating near recent highs with RSI neutral and volume declining. No clear entry with adequate reward-to-risk.

PLAN CREATED  2026-05-05 21:15:00  plan=8bb368d3  bias=neutral  regime=bull-low  setups=0
  rationale: Price near 200 EMA, RSI neutral at 50.5, MACD histogram negative, volume low. No clear directional edge. Avoid forcing a trade.

PLAN CREATED  2026-05-05 22:15:00  plan=0fd9ecdf  bias=bullish  regime=bull-low  setups=1
  rationale: BTC is in a bull regime with low volatility. Price above EMA(200) and trending higher. RSI near 50 allows room for upside. Recent pullback to EMA(20) zone provides potential long entry with tight stop.
  setup[1] c5e8fa99  LONG  size=0.1
    entry_zone: 81280 -> 81340
    take_profit: [81800, 82000, 82200]   stop_loss: 81050
    hard:  price > ema_200; rsi_14 > 40; rsi_14 < 60
    soft:  macd_hist > 0 (w0.5); momentum_composite > 0 (w0.5)
    invalidation: [hard] price < 80800 (intrabar); [soft] rsi_14 < 30 (intrabar)

PLAN CREATED  2026-05-05 23:15:00  plan=432ee6ac  bias=bearish  regime=bull-low  setups=1
  rationale: Price is below all EMAs, RSI is low and falling, MACD histogram is deeply negative, and recent price action shows a breakdown from consolidation with increased volume on the last candle. The trend is still 'bull' but volatility is low, and the current decline may be a correction within the trend, but short-term momentum is clearly bearish.
  setup[1] 594924ba  SHORT  size=0.08
    entry_zone: 80840 -> 80900
    take_profit: [80500, 80200]   stop_loss: 81100
    hard:  rsi_14 < 40; price < ema_20; macd_hist < 0
    soft:  price < ema_50 (w0.5); price < ema_200 (w0.3); vol_zscore_20 < 1 (w0.2)
    invalidation: [hard] price > 81200 (on_close)

PLAN CREATED  2026-05-06 00:15:00  plan=63895354  bias=bearish  regime=bull-low  setups=1
  rationale: Price is below both ema_20 and ema_50, RSI below 40, MACD histogram negative and decreasing, recent volume spike on breakdown, suggesting short-term bearish momentum in a bull-low regime.
  setup[1] 29710f43  SHORT  size=0.05
    entry_zone: 80900 -> 80950
    take_profit: [80500]   stop_loss: 81200
    hard:  price <= ema_20; rsi_14 < 45
    soft:  macd_hist < 0 (w1); vol_zscore_20 > 0 (w0.5)
    invalidation: [hard] price >= 81300 (intrabar); [warning] rsi_14 crosses_above 50 (on_close)

PLAN CREATED  2026-05-06 01:15:00  plan=268dc0fa  bias=neutral  regime=bull-low  setups=0
  rationale: Price is oscillating near EMAs 20/50, RSI near 50, MACD histogram positive but small. Regime is bull-low, but volatility is low and recent price action shows choppy range between 80700 and 81700. Bias is neutral, awaiting clearer direction.

PLAN CREATED  2026-05-06 02:15:00  plan=2a4843bd  bias=neutral  regime=bull-low  setups=0
  rationale: Price near EMAs (20/50), RSI neutral (46.97), MACD hist positive but small. Low volatility regime. Mixed signals: recent downtrend from 81648 to 81092, but EMAs flat. No clear setup with adequate RR after considering worst-case fill. Holding short ETHUSDT position, cannot open BTC per symbol limit.

PLAN CREATED  2026-05-06 03:15:00  plan=545b683e  bias=bullish  regime=bull-low  setups=1
  rationale: Price is above all major EMAs (20,50,200) in a bull-low regime, RSI (60.8) shows bullish momentum but not overbought, MACD histogram positive and rising. Recent dip below 81000 (5/5 22:30) was bought aggressively, now reclaiming 81500+. Setting up a long with narrow entry and good RR.
  setup[1] 3a92a347  LONG  size=0.08
    entry_zone: 81560 -> 81600
    take_profit: [82200, 82600]   stop_loss: 81330
    hard:  price >= 81560; price <= 81600; rsi_14 > 50; ema_20 > ema_50
    soft:  macd_hist > 0 (w0.5); momentum_composite > 0.5 (w0.5)
    invalidation: [hard] price <= 81300 (on_close); [warning] rsi_14 < 40 (on_close)
----------------------------------------------------------------------------------------
CONFIRM  2026-05-06 03:15:00  plan=545b683e setup=3a92a347  action=CONFIRM  size_x=1
  price=81576.7  hard_ok=True  soft_score=1
  reason: Price 81576.7 is within entry zone 81560-81600, all hard rules pass, soft score 1.0 (well above threshold), RSI 60.8 > 50, MACD histogram strongly positive, and momentum composite 0.88 > 0.5. Fresh features confirm conviction.
TRADE OPENED  2026-05-06 03:15:00  trade=e293ca62  plan=545b683e setup=3a92a347  LONG @ 81576.7  size=0.08
  -> EXECUTED — rr 2.53

PLAN CREATED  2026-05-06 04:15:00  plan=f70d40a0  bias=neutral  regime=bull-low  setups=0
  rationale: Price is consolidating near EMAs (20, 50) after a dip from recent highs. RSI at 53 shows no momentum. Regime is bull-low, but recent volatility is low and volume declining. No clear setup with favorable risk-reward.
TRADE CLOSED  2026-05-06 04:15:00  trade=e293ca62  plan=545b683e  reason=expiry  pnl=-0.24%

PLAN CREATED  2026-05-06 05:15:00  plan=64b97391  bias=neutral  regime=bull-low  setups=0
  rationale: Price is consolidating near ema_20 and ema_50, RSI around 50, MACD histogram negative but small. Trend is bull, volatility low, but no clear strong setup with favorable risk-reward given current narrow ranges. No new setups proposed; market bias neutral to avoid forced trades.

PLAN CREATED  2026-05-06 06:15:00  plan=3438ca2c  bias=neutral  regime=bull-low  setups=0
  rationale: BTCUSDT is in a bull regime with low volatility, but recent price action shows choppiness between 80900-81700 and RSI near 50. MACD histogram is negative. No clear high-confidence setup with favorable risk-reward given the narrow range and mixed signals.

PLAN CREATED  2026-05-06 07:15:00  plan=79fb4dfd  bias=bullish  regime=bull-low  setups=1
  rationale: Price is above all EMAs (20, 50, 200), RSI neutral (58) with bullish momentum as MACD histogram positive and increasing. Recent price action shows higher lows after a dip to 80800 area and recovery above 81400. Regime is bull-low, supporting a long bias.
  setup[1] b6c94737  LONG  size=0.1
    entry_zone: 81450 -> 81500
    take_profit: [81900, 82250]   stop_loss: 81280
    hard:  close > 81300; rsi_14 > 50; volume > 500
    soft:  macd_hist > 0 (w0.5)
    invalidation: [hard] close < 81150 (on_close)

PLAN CREATED  2026-05-06 08:15:00  plan=fe265efd  bias=bullish  regime=bull-low  setups=1
  rationale: Price is above all EMAs (20, 50, 200), MACD histogram positive and rising, RSI at 57.97 not overbought, trend regime 'bull-low' supports bullish bias. However, recent price consolidating near 81500 with decreasing volume and vol_zscore slightly negative suggests caution, so setup is designed with a tight stop.
  setup[1] 9c267f72  LONG  size=0.05
    entry_zone: 81480 -> 81530
    take_profit: [82000, 82200]   stop_loss: 81250
    hard:  close > ema_50; rsi_14 > 50; macd_hist > 0
    soft:  volume > volume_prev (w0.5); momentum_composite > 0.5 (w0.3); vol_zscore_20 > -1 (w0.2)
    invalidation: [hard] close < 81250 (on_close); [soft] rsi_14 < 40 (on_close)

PLAN CREATED  2026-05-06 09:15:00  plan=5defb985  bias=bullish  regime=bull-low  setups=1
  rationale: Trend is bullish, RSI above 50, price above all EMAs, MACD histogram positive and above signal. Recent strong bullish candle after consolidation. Low volatility regime supports continuation.
  setup[1] fa05b7d8  LONG  size=0.06
    entry_zone: 81734.8 -> 81770
    take_profit: [82050, 82300]   stop_loss: 81530
    hard:  price > ema_20; price > ema_50; price > ema_200; rsi_14 > 50; macd_hist > 0
    soft:  rsi_14 < 70 (w0.5); price > 83400 (w0.3)
    invalidation: [hard] price < ema_200 (intrabar); [hard] rsi_14 < 40 (intrabar)
----------------------------------------------------------------------------------------
CONFIRM  2026-05-06 09:15:00  plan=5defb985 setup=fa05b7d8  action=CONFIRM  size_x=1
  price=81734.8  hard_ok=True  soft_score=0.625
  reason: All hard rules pass, price inside entry zone, momentum positive (macd_hist >0, rsi_14 >50, price above EMAs), soft_score 0.625 above 0.5 threshold, plan bias bullish.
TRADE OPENED  2026-05-06 09:15:00  trade=c779872d  plan=5defb985 setup=fa05b7d8  LONG @ 81734.8  size=0.06
  -> EXECUTED — rr 1.54
  -> SCALED OUT 0.50 at tp1 @ 82050.0 (leg +0.39%) — stop→breakeven

PLAN CREATED  2026-05-06 10:15:00  plan=75f066d9  bias=bullish  regime=bull-low  setups=1
  rationale: Price is above all EMAs, RSI 70.6 indicates strong momentum, MACD histogram positive and expanding, trend regime is bull-low volatility. Recent OHLCV shows a clear uptrend with higher highs. Short-term pullbacks could be buying opportunities.
  setup[1] 5ffa23f7  LONG  size=0.1
    entry_zone: 82148 -> 82200
    take_profit: [82500, 82750, 83000]   stop_loss: 81900
    hard:  price > ema_20; ema_20 > ema_50; macd_hist > 0
    soft:  rsi_14 > 50 (w0.5); vol_zscore_20 > 0 (w0.3)
    invalidation: [hard] price < ema_50 (on_close); [warning] rsi_14 < 70 (on_close)
TRADE CLOSED  2026-05-06 10:45:00  trade=c779872d  plan=5defb985  reason=tp  pnl=+0.54%

PLAN CREATED  2026-05-06 11:15:00  plan=26e1b2cc  bias=bullish  regime=bull-low  setups=0
  rationale: Price is above all EMAs (20, 50, 200) with a clear upward trend. RSI is overbought (79.6) but momentum composite is strongly positive (1.12). Volume spiked on recent candles, and the regime is bullish with low volatility. The recent breakout above 82300 suggests continuation. However, RSI overbought and high vol z-score warrant a cautious approach.

PLAN CREATED  2026-05-06 12:15:00  plan=37d7b0f0  bias=bullish  regime=bull-low  setups=1
  rationale: Price is above all EMAs (20/50/200) in a bull regime with low volatility. RSI at 62 not overbought, MACD positive with histogram rising. Momentum composite is high. Recent price action shows a dip from 82643 to 82150 followed by a recovery to 82351, suggesting support near EMA20 (~82056). Volume is moderate. Setup aims to buy on a pullback within a narrow zone around EMA20 with a tight stop below recent lows.
  setup[1] 73d168c5  LONG  size=0.08
    entry_zone: 82050 -> 82150
    take_profit: [82600, 83000]   stop_loss: 81900
    hard:  price > ema_20; rsi_14 > 50; macd_hist > 0
    soft:  price > ema_50 (w0.5); momentum_composite > 0.5 (w0.5)
    invalidation: [hard] price < ema_200 (on_close)

PLAN CREATED  2026-05-06 13:15:00  plan=5e46134c  bias=neutral  regime=bull-low  setups=0
  rationale: RSI near 50, EMAs aligned but price pulled back from recent high to below EMA20. MACD negative. Regime is bull-low but momentum unclear. No clear high-confidence setup meeting min_rr with tight entry zone. Avoid forcing a trade.

PLAN CREATED  2026-05-06 14:15:00  plan=a201375c  bias=bearish  regime=bull-low  setups=1
  rationale: Price dropped sharply from recent highs near 82800, breaking below short-term EMAs (20 and 50) with RSI declining (40.9) and MACD histogram deeply negative. Regime is bull-low but short-term momentum is bearish. A pullback to retest resistance offers a short entry with favorable risk-reward.
  setup[1] 1ba4306d  SHORT  size=0.08
    entry_zone: 81650 -> 81850
    take_profit: [80700, 80000]   stop_loss: 82250
    hard:  price < ema_20; price < ema_50; rsi_14 < 50
    soft:  macd_hist < 0 (w0.8); price < 82000 (w0.6)
    invalidation: [hard] price >= 82300 (intrabar); [soft] rsi_14 >= 60 (on_close)

PLAN CREATED  2026-05-06 15:15:00  plan=08d05c06  bias=neutral  regime=bull-low  setups=0
  rationale: Price is oscillating near EMAs with RSI slightly below 50, MACD negative and histogram declining. Recent sharp rally to 82828 followed by pullback shows indecision. CVD slope negative and volume declining suggest lack of strong momentum. Regime is bullish but low vol, so neutral bias with no clear setup.

PLAN CREATED  2026-05-06 16:15:00  plan=03cea3f0  bias=bearish  regime=bull-low  setups=0
  rationale: Price is below both EMA_20 and EMA_50, RSI below 50 at 42.4, MACD histogram negative and decreasing, recent 15m candle closed at low of the session after a rejection from 81800 area. Regime is bull-low but current short-term momentum is bearish. Volume shows no strong buying pressure.

PLAN CREATED  2026-05-06 17:15:00  plan=9aa1cda1  bias=neutral  regime=bull-low  setups=0
  rationale: Price is trading near the 20 and 50 EMAs with a slight bearish bias (RSI below 50, MACD histogram negative). Recent 15m candles show a dip from 81624 to 81350 but current close 81423.6. Trend is still 'bull-low' regime but daily uptrend may be pausing. Risk reward is not favorable for a clear setup due to narrow zone and recent pullback. Prefer to wait for either a confirmed bounce off support or a breakdown.

PLAN CREATED  2026-05-06 18:15:00  plan=ff290d45  bias=bearish  regime=bull-low  setups=1
  rationale: Price is below the 20 and 50 EMAs, RSI is neutral-bearish (43), MACD histogram negative and below signal, recent high at 82828.7 on 11:15 candle acted as resistance, then a steady decline followed. The 15m chart shows lower highs since that peak, and the current price is near the 81200-81400 support zone. Volatility is low per regime, suggesting a potential break rather than violent move. Bias is bearish with short setups targeting a break below 81200.
  setup[1] 8e528f1b  SHORT  size=0.05
    entry_zone: 81450 -> 81550
    take_profit: [80600, 81000]   stop_loss: 81850
    hard:  price < ema_20; price < ema_50; rsi_14 < 50
    soft:  macd_hist < 0 (w0.5); price < ema_200 (w0.8)
    invalidation: [warning] price > 81850 (intrabar); [hard] rsi_14 > 55 (on_close)

PLAN CREATED  2026-05-06 19:15:00  plan=0fa38959  bias=bearish  regime=bull-low  setups=0
  rationale: Price is below both EMA_20 and EMA_50, RSI is below 50, and MACD is negative. Despite the prevailing bull trend, recent price action shows a short-term bearish pullback. Volatility is low, suggesting potential continuation of the move. However, the setup does not meet the minimum reward-to-risk ratio; thus no trades are proposed.

PLAN CREATED  2026-05-06 20:15:00  plan=149899ba  bias=neutral  regime=bull-low  setups=0
  rationale: RSI near 50, price below EMAs, MACD histogram positive but small, low volatility regime, recent price consolidation. No clear directional edge for a setup with adequate risk-reward.

PLAN CREATED  2026-05-06 21:15:00  plan=accb7042  bias=neutral  regime=bull-low  setups=0
  rationale: Price is consolidating near EMAs with low volatility, RSI neutral, mixed momentum signals, and recent volume declining. No clear directional edge.

PLAN CREATED  2026-05-06 22:15:00  plan=dfe48ce4  bias=bearish  regime=bull-low  setups=0
  rationale: Price is below both 20 and 50 EMAs, RSI below 40, trend regime is bull but volatility low and recent price action shows rejection from 82k area with consecutive lower lows. CVD slope positive suggests some buying pressure but overall structure weak.

PLAN CREATED  2026-05-06 23:15:00  plan=49222497  bias=neutral  regime=bull-low  setups=0
  rationale: Price is trading below both EMA20 and EMA50, RSI is neutral near 47, MACD histogram barely positive suggesting weak momentum. Regime is bull-low but recent price action shows a decline from 82447 to 81191, now recovering slightly. Volume is low, CVD slope negative, indicating selling pressure. No clear high-confidence setup with sufficient R:R given the narrow zone requirements.

PLAN CREATED  2026-05-07 00:15:00  plan=c50e8f3d  bias=bearish  regime=bull-low  setups=1
  rationale: BTC is below its 20 and 50 EMAs, RSI 14 is bearish at 41.7, and recent price action shows a clear downtrend with lower highs and lower lows. The regime is bull-low but with high volatility, so caution is warranted. A short setup is plausible with tight risk management.
  setup[1] 930f7db2  SHORT  size=0.05
    entry_zone: 81150 -> 81250
    take_profit: [80700, 80450]   stop_loss: 81550
    hard:  price < ema_20; rsi_14 < 50; price < ema_50
    soft:  macd_hist < 0 (w0.5)
    invalidation: [hard] price > 81600 (intrabar)

PLAN CREATED  2026-05-07 01:15:00  plan=5eda8fdc  bias=neutral  regime=bull-low  setups=0
  rationale: Price is below both EMA20 and EMA50, RSI below 50, and trend is bearish in the short term. However, price is near EMA200 support and volatility is low, suggesting indecision. No clear setup with adequate RR given the narrow entry zone constraint and required min_rr of 1.

PLAN CREATED  2026-05-07 02:15:00  plan=051bf2be  bias=bearish  regime=bull-low  setups=0
  rationale: Price is below all EMAs (20, 50, 200), RSI is 36 in oversold territory, MACD histogram negative and declining. Recent high volume selling at 01:00 candle and lower lows suggest bearish momentum. Regime is bull-low but short-term bearish.

PLAN CREATED  2026-05-07 03:15:00  plan=252368ff  bias=bearish  regime=bull-low  setups=1
  rationale: Price is below both EMA_20 and EMA_50, RSI is bearish < 41, MACD histogram negative and below signal line. Recent price action shows lower highs and lower lows with a breakdown below 81000. Trend is bullish but volatility is low, suggesting a pullback within uptrend. However, short-term momentum is bearish.
  setup[1] 88f7395a  SHORT  size=0.05
    entry_zone: 80860 -> 80970
    take_profit: [80400, 80100]   stop_loss: 81250
    hard:  price < ema_20; price < ema_50; rsi_14 < 50
    soft:  macd_hist < 0 (w0.3); momentum_composite < 0.5 (w0.2)
    invalidation: [hard] price >= 81300 (intrabar); [warning] rsi_14 > 50 (on_close)
  -> SKIPPED: regime bull-low disallows short
  -> SKIPPED: regime bull-low disallows short

PLAN CREATED  2026-05-07 04:15:00  plan=4213ed3e  bias=bearish  regime=bull-low  setups=0
  rationale: Price is below all EMAs (20,50,200) and RSI is below 50, indicating bearish momentum. MACD is negative and histogram is declining. Recent price action shows lower highs and lower lows. Although regime is bull-low, short-term momentum is bearish.

PLAN CREATED  2026-05-07 05:15:00  plan=b99444de  bias=bearish  regime=bull-low  setups=1
  rationale: Price is below all EMAs (20, 50, 200) and has been trending lower with higher lows being retested. RSI near 50 suggests no momentum, but the trend is down. Regime is bull-low but the recent price action is bearish. A short bias is warranted.
  setup[1] ad47125b  SHORT  size=0.05
    entry_zone: 81080 -> 81124
    take_profit: [80800, 80600]   stop_loss: 81250
    hard:  price < ema_20; rsi_14 < 60
    soft:  obv < obv (w0.5)
    invalidation: [hard] price > 81250 (intrabar)

PLAN CREATED  2026-05-07 06:15:00  plan=7ceac072  bias=neutral  regime=bull-low  setups=0
  rationale: Price is trading near EMAs (20,50,200) with RSI near 50, suggesting consolidation. Recent range is tight; no clear breakout setup. No strong momentum or divergence signals to justify a directional trade.

PLAN CREATED  2026-05-07 07:15:00  plan=c4107f21  bias=neutral  regime=side-low  setups=0
  rationale: Recent price action shows a bounce from 80800 area but RSI is neutral and trend is sideways-low volatility. No clear setup with sufficient reward-to-risk given narrow entry zone requirement.

PLAN CREATED  2026-05-07 08:15:00  plan=f64363e3  bias=bullish  regime=side-low  setups=1
  rationale: RSI is neutral near 56, price above all EMAs, recent momentum up from 06:30 low, MACD bullish cross and histogram positive, OBV rising. Low volatility regime suggests trend continuation.
  setup[1] fca358d9  LONG  size=0.1
    entry_zone: 81385 -> 81422
    take_profit: [81650, 81800]   stop_loss: 81250
    hard:  price > ema_50; rsi_14 > 40; macd_hist > 0
    soft:  obv > 0 (w0.7)
    invalidation: [hard] price < stop_loss (intrabar); [warning] rsi_14 < 50 (on_close)
  -> SKIPPED: regime side-low disallows long

PLAN CREATED  2026-05-07 09:15:00  plan=f11058b8  bias=bearish  regime=side-low  setups=1
  rationale: Price is below key EMAs (20, 50, 200) and RSI is weak at 41.5, suggesting bearish momentum. The trend regime is side with low volatility, but the recent price action shows lower highs and a breakdown below 81200 support. MACD histogram is negative and declining. A short setup targeting a retest of the recent low near 80675 is reasonable.
  setup[1] e1e21af2  SHORT  size=0.08
    entry_zone: 81050 -> 81150
    take_profit: [80680, 80900]   stop_loss: 81300
    hard:  price < ema_20; rsi_14 < 50; macd_hist < 0
    soft:  price crosses_below ema_50 (w0.5)
    invalidation: [hard] price >= 81300 (on_close); [warning] rsi_14 > 70 (on_close)

PLAN CREATED  2026-05-07 10:15:00  plan=8de1eb6c  bias=bearish  regime=side-low  setups=0
  rationale: Price is in a short-term downtrend, trading below all major EMAs, RSI is oversold (30.4), and the regime is side-low. CVD slope is negative, indicating selling pressure. A short setup targeting further downside is plausible, but the oversold RSI suggests caution. No valid setup with sufficient RR at worst-case fill is possible given the narrow stop distance needed; thus no trades.

PLAN CREATED  2026-05-07 11:15:00  plan=37898edf  bias=bearish  regime=side-low  setups=0
  rationale: Price is below all EMAs (20/50/200), RSI 14 is weak at 43, MACD histogram negative and declining, and recent price action shows lower highs after a failed breakout above 81680. Regime is side-low with low volatility. Bias is bearish with caution due to low vol and recent bounce from 80521.

PLAN CREATED  2026-05-07 12:15:00  plan=56ff1bd7  bias=neutral  regime=side-low  setups=0
  rationale: RSI near 50, price between EMAs (20, 50, 200), low volatility regime, no clear directional signal. Recent price action choppy with no breakout. Avoid forcing trades.

PLAN CREATED  2026-05-07 13:15:00  plan=49e24190  bias=neutral  regime=side-low  setups=0
  rationale: Sideways-low volatility regime with mixed signals: RSI near 50, price below both 20/50 EMAs but above 200 EMA, MACD histogram positive but small. No clear directional edge; avoid forced trades.

PLAN CREATED  2026-05-07 14:15:00  plan=192cb070  bias=bearish  regime=side-low  setups=0
  rationale: Price is below all EMAs (20,50,200), RSI is 35.2 (approaching oversold), MACD histogram negative and declining, regime side-low, recent sharp drop from 81628 to 80369, suggesting bearish momentum. However, no clear entry with sufficient reward:risk at current levels; wait for pullback to EMA or continuation breakdown.

PLAN CREATED  2026-05-07 15:15:00  plan=6223781e  bias=bearish  regime=side-low  setups=0
  rationale: RSI_14 at 26.09 signals oversold but momentum is still negative; price below all EMAs (20, 50, 200) with volume spike (vol_zscore_20=3.02) on the recent drop, confirming bearish pressure. Side-low volatility regime suggests limited counter-trend moves. A short bounce trade could be considered but risk/reward may not align given tight entry zone requirements.

PLAN CREATED  2026-05-07 16:15:00  plan=a0be20a1  bias=bearish  regime=side-low  setups=1
  rationale: Price is below all major EMAs (20, 50, 200), RSI is bearish (34.8), MACD histogram negative and declining, recent high volume down candles (15:15, 13:30-14:30) confirm selling pressure. Regime is side-low volatility.
  setup[1] f4716700  SHORT  size=0.1
    entry_zone: 79950 -> 80000
    take_profit: [79000, 78500]   stop_loss: 80300
    hard:  rsi_14 < 40; price < ema_20; macd_hist < 0
    soft:  price < ema_50 (w0.5); vol_zscore_20 > 0 (w0.3); price crosses_below ema_20 (w0.2)
    invalidation: [hard] price > 80350 (intrabar); [soft] rsi_14 > 50 (on_close)

PLAN CREATED  2026-05-07 17:15:00  plan=d62c1ff4  bias=bearish  regime=side-low  setups=1
  rationale: Price is below all EMAs (20,50,200), RSI is weak at 30.8, MACD histogram negative and decreasing. Recent 15m candles show persistent selling with lower highs and lower lows. Volume spikes on down moves. Regime is side-low, but near-term momentum is decisively bearish.
  setup[1] 45810056  SHORT  size=0.02
    entry_zone: 79680 -> 79850
    take_profit: [79000]   stop_loss: 80200
    hard:  price < ema_20; rsi_14 < 35; macd_hist < 0
    soft:  price crosses_below ema_50 (w0.5); vol_zscore_20 > 0.5 (w0.5)
    invalidation: [hard] price >= 80250 (intrabar)

PLAN CREATED  2026-05-07 18:15:00  plan=e4c2cc28  bias=bearish  regime=side-low  setups=1
  rationale: Price is below all EMAs (20, 50, 200) indicating bearish trend. RSI at 45.67 is below 50, showing weak momentum. MACD histogram is positive but small, and price has been declining over recent candles with increased volume on down moves. Regime is side-low volatility, suggesting range but with downside bias.
  setup[1] 4a961fcb  SHORT  size=0.05
    entry_zone: 80050 -> 80150
    take_profit: [79400, 79000]   stop_loss: 80400
    hard:  price < ema_20; price < ema_50; rsi_14 < 50
    soft:  macd_hist < 100 (w0.5)
    invalidation: [hard] price > 80400 (intrabar)
  -> SKIPPED: regime side-low disallows short
  -> SKIPPED: regime side-low disallows short

PLAN CREATED  2026-05-07 19:15:00  plan=dc2544c1  bias=bearish  regime=side-low  setups=1
  rationale: Price is below all key EMAs (20, 50, 200), RSI at 41.3 (bearish momentum), MACD histogram positive but short-term trend is down. Regime is side-low volatility, but recent price action shows lower highs and lower lows. Short bias favored.
  setup[1] 3004d5c8  SHORT  size=0.1
    entry_zone: 79950 -> 80050
    take_profit: [79450, 79000]   stop_loss: 80310
    hard:  rsi_14 < 50; price < ema_20; price < ema_50; price < ema_200
    soft:  rsi_14 < 45 (w0.5); macd_hist < 0 (w0.3); volume > ema_volume (w0.2)
    invalidation: [hard] price > 80310 (intrabar)

PLAN CREATED  2026-05-07 20:15:00  plan=29c266f7  bias=neutral  regime=bear-low  setups=0
  rationale: Price is below all EMAs (20, 50, 200) and trending lower over the recent 48 candles, but RSI near 50 and MACD histogram positive suggest short-term bounce potential. Low volatility regime limits directional conviction.

PLAN CREATED  2026-05-07 21:15:00  plan=96ec93b9  bias=bearish  regime=bear-low  setups=0
  rationale: Price is below all key EMAs (20,50,200) with bearish regime. RSI at 42.6, bearish momentum. Recent high volume selling, lower highs. But no clear short entry zone with good RR: stop would be too wide.

PLAN CREATED  2026-05-07 22:15:00  plan=d95d2d27  bias=bearish  regime=bear-low  setups=1
  rationale: Price is below all major EMAs (20, 50, 200), RSI is below 50 at 44.4, and the regime is bear-low. Recent price action shows lower highs and lower lows. There is a potential short setup if price retraces into the resistance zone near the broken EMA levels.
  setup[1] c81db7ea  SHORT  size=0.08
    entry_zone: 79980 -> 80050
    take_profit: [79540, 79250]   stop_loss: 80250
    hard:  price < ema_20; rsi_14 < 50
    soft:  macd_hist > 0 (w0.3)
    invalidation: [hard] price >= 80150 (on_close)

PLAN CREATED  2026-05-07 23:15:00  plan=3a8f0242  bias=bearish  regime=bear-low  setups=1
  rationale: Price is below EMA_50 and EMA_200, trend is bearish, and RSI is below 50. Recent volatility is low, suggesting continuation of downtrend. However, RSI is near 50 and MACD histogram turned positive, so momentum is mixed. Bias is bearish but setups are limited.
  setup[1] 039384db  SHORT  size=0.05
    entry_zone: 79920 -> 79950
    take_profit: [79500, 79000]   stop_loss: 80200
    hard:  price <= ema_50; rsi_14 < 50
    soft:  macd_hist > 0 (w0.5); volume > 1000 (w0.3)
    invalidation: [hard] price >= ema_50 (intrabar)

PLAN CREATED  2026-05-08 00:15:00  plan=a2ef43bc  bias=neutral  regime=bear-low  setups=0
  rationale: Price is chopping near the 200 EMA and 50 EMA, RSI neutral, MACD histogram positive but momentum not confirmed. Regime is bear-low, but recent price action shows consolidation. No clear trade setup with favorable RR.

PLAN CREATED  2026-05-08 01:15:00  plan=1b9448f7  bias=bearish  regime=bear-low  setups=1
  rationale: Price is below all key EMAs (20, 50, 200) in a bear-low regime. RSI is 40, indicating bearish momentum. Recent price action shows lower highs and lower lows. A short setup is favored to capture further downside.
  setup[1] 821ea7ce  SHORT  size=0.08
    entry_zone: 79720 -> 79790
    take_profit: [79350, 79100]   stop_loss: 79960
    hard:  rsi_14 < 50; price < ema_20; price < ema_50; ema_20 < ema_50
    soft:  macd_hist < 0 (w0.6); vol_zscore_20 > 0.5 (w0.4)
    invalidation: [hard] price >= ema_20 (intrabar); [soft] rsi_14 > 60 (on_close)
----------------------------------------------------------------------------------------
CONFIRM  2026-05-08 01:30:00  plan=1b9448f7 setup=821ea7ce  action=PARSE_FAIL  size_x=1
  price=79743.7  hard_ok=True  soft_score=0.6
  -> SKIPPED: parse_fail

PLAN CREATED  2026-05-08 02:15:00  plan=9c3b5172  bias=bearish  regime=bear-low  setups=0
  rationale: Price is below all EMAs (20,50,200), RSI 14 is 31.9 (near oversold but still bearish), MACD histogram negative and decreasing, trend is bear-low regime, CVD slope negative, recent OHLCV shows consistent lower highs and lower lows. The overall bias is bearish.

PLAN CREATED  2026-05-08 03:15:00  plan=1e7e796d  bias=bearish  regime=bear-low  setups=1
  rationale: Price is below all EMAs, RSI is bearish, MACD is negative, and recent price action shows lower highs. Regime is bear-low, suggesting continued downside.
  setup[1] 919dd77b  SHORT  size=0.1
    entry_zone: 79500 -> 79547.1
    take_profit: [79000, 78500]   stop_loss: 79850
    hard:  rsi_14 < 50; price < ema_20; price < ema_50; price < ema_200; macd_hist < 0
    soft:  momentum_composite > 0 (w0.5); vol_zscore_20 > 0 (w0.3)
    invalidation: [hard] price crosses_above ema_20 (on_close)
----------------------------------------------------------------------------------------
CONFIRM  2026-05-08 03:15:00  plan=1e7e796d setup=919dd77b  action=CONFIRM  size_x=1
  price=79547.1  hard_ok=True  soft_score=1
  reason: All hard rules satisfied, soft score 1.0, price at top of entry zone, momentum composite positive, RSI < 40, MACD histogram negative and declining.
TRADE OPENED  2026-05-08 03:15:00  trade=580c1bb3  plan=1e7e796d setup=919dd77b  SHORT @ 79547.1  size=0.1
  -> EXECUTED — rr 1.81
TRADE CLOSED  2026-05-08 04:00:00  trade=580c1bb3  plan=1e7e796d  reason=invalidation  pnl=-0.17%

PLAN CREATED  2026-05-08 04:15:00  plan=b479b3d9  bias=neutral  regime=bear-low  setups=0
  rationale: Price is below EMAs (20,50,200) and RSI is neutral near 48.5. Recent candles show a downtrend with lower highs/lows. However, price bounced from 79137 low and ATR is small. Bearish bias but no clear long setup yet. Shorting is risky near support. Holding neutral.

PLAN CREATED  2026-05-08 05:15:00  plan=1e3ee6a2  bias=bearish  regime=bear-low  setups=0
  rationale: Price is below all EMAs (20, 50, 200) and RSI is below 50, indicating bearish momentum. Recent OHLCV shows a series of lower highs and lower lows, confirming the downtrend. Volume spikes on red candles suggest distribution. No clear reversal pattern evident.

PLAN CREATED  2026-05-08 06:15:00  plan=3a61728d  bias=bearish  regime=bear-low  setups=0
  rationale: Price is below all EMAs, RSI < 50, trend is bear with low volatility. Recent OHLCV shows a downtrend with lower lows. No clear setup with sufficient reward:risk given narrow entry zone constraints.

PLAN CREATED  2026-05-08 07:15:00  plan=ba9647fc  bias=bearish  regime=bear-low  setups=0
  rationale: Regime is bear-low, price below all EMAs (20,50,200), RSI bearish (35.5), MACD histogram negative and deepening. Short-term downtrend intact; no clear long signals. Avoid forced trades.

PLAN CREATED  2026-05-08 08:15:00  plan=136408ba  bias=neutral  regime=bear-low  setups=0
  rationale: The market is in a bear-low regime with price below all EMAs (20,50,200). RSI is neutral (55.55) and MACD histogram is positive but the signal is negative. The recent move has been a bounce from the 79208 low, but the trend remains bearish. No clear high-probability setup with sufficient RR at worst-case fill.

PLAN CREATED  2026-05-08 09:15:00  plan=10345439  bias=neutral  regime=bear-low  setups=0
  rationale: Trend is bearish (EMA slope negative) and regime is bear-low, but RSI at 60 suggests short-term bullish momentum. Price is near recent range lows, with MACD histogram positive. Mixed signals suggest waiting for clearer setup.

PLAN CREATED  2026-05-08 10:15:00  plan=01aabfbb  bias=bearish  regime=bear-low  setups=1
  rationale: Regime is bear-low, price below all EMAs, RSI neutral low, MACD bullish but volume declining, price rejected near 80000.
  setup[1] dff7eaef  SHORT  size=0.08
    entry_zone: 79860.3 -> 79950
    take_profit: [79300, 79000]   stop_loss: 80200
    hard:  price < ema_20; price < ema_50; price < ema_200; rsi_14 < 60
    soft:  macd_hist > 0 (w0.5); vol_zscore_20 < 0 (w0.3)
    invalidation: [hard] price >= 80200 (on_close)

PLAN CREATED  2026-05-08 11:15:00  plan=b75f07f4  bias=bullish  regime=bear-low  setups=1
  rationale: Price has broken above the 20 and 50 EMAs, RSI is overbought but momentum composite is positive, and the recent sharp upward move indicates strong buying pressure. However, regime is bear-low, so the bias is cautious bullish.
  setup[1] 7e905c30  LONG  size=0.03
    entry_zone: 80200 -> 80250
    take_profit: [80550, 80700]   stop_loss: 79950
    hard:  price > ema_20; rsi_14 > 50
    soft:  macd_hist > 0 (w0.5); obv > 0 (w0.3)
    invalidation: [hard] price < 79950 (on_close)
  -> SKIPPED: regime bear-low disallows long

PLAN CREATED  2026-05-08 12:15:00  plan=01672731  bias=neutral  regime=bear-low  setups=0
  rationale: Regime is bear-low, but recent price action shows a bounce from 79208 low to 80277, with RSI at 67 (overbought zone) and MACD histogram positive but flattening. Volume z-score is negative, suggesting weak conviction. Bias is neutral due to conflicting signals.

PLAN CREATED  2026-05-08 13:15:00  plan=d08fde22  bias=bearish  regime=bear-low  setups=1
  rationale: RSI(14) at 37.5 indicating oversold but still bearish momentum, price below EMA(20) and EMA(200), MACD histogram negative and diverging, trend regime is bear-low. Recent price action shows rejection from 80478 and sharp decline to 79569, suggesting bearish continuation. However, RSI is near oversold, so we wait for confirmation of breakdown with a short setup.
  setup[1] ad622583  SHORT  size=0.05
    entry_zone: 79569 -> 79680
    take_profit: [79000, 78500]   stop_loss: 79930
    hard:  rsi_14 < 45; price < ema_20; macd_hist < 0
    soft:  price crosses_below 79569.4 (w0.5)
    invalidation: [hard] price >= 79930 (intrabar); [warning] rsi_14 > 40 (on_close)

PLAN CREATED  2026-05-08 14:15:00  plan=d502833f  bias=bullish  regime=bear-low  setups=1
  rationale: Price recently rallied above both EMA20 and EMA50 after a dip, indicating potential bullish momentum. RSI is neutral (55.7) with room to run. MACD histogram is negative but could turn positive as line crosses signal. Volume spike with high vol_zscore supports breakout. Regime is bear-low, but short-term momentum favors bulls.
  setup[1] 2eaded0b  LONG  size=0.08
    entry_zone: 80033.2 -> 80100
    take_profit: [80600, 81000]   stop_loss: 79750
    hard:  price >= ema_20; price >= ema_50; rsi_14 > 50; vol_zscore_20 > 2
    soft:  macd_hist > -50 (w0.5); price > ema_200 (w0.3)
    invalidation: [hard] price < 79750 (on_close)
  -> SKIPPED: regime bear-low disallows long

PLAN CREATED  2026-05-08 15:15:00  plan=e6980fc6  bias=bearish  regime=bear-low  setups=0
  rationale: Price is trading below all EMAs (20, 50, 200) with RSI below 50 (43.5), MACD histogram negative, and bearish trend regime. Recent volatility is low, but the structure is bearish. No clear setup with adequate RR meets criteria, so no setups are provided.

PLAN CREATED  2026-05-08 16:15:00  plan=e8cb91eb  bias=neutral  regime=bear-low  setups=0
  rationale: Price is near the 20 and 50 EMAs (flat) but below the 200 EMA, with RSI near 50. MACD histogram negative, CVD slope negative. The short-term trend is cautious, but no clear setup with favorable risk-reward meets the criteria.

PLAN CREATED  2026-05-08 17:15:00  plan=ce81c458  bias=neutral  regime=bear-low  setups=0
  rationale: Price oscillating around EMAs (20,50) with RSI near 50. Regime bear-low but recent price action shows choppy consolidation. ATR is moderate. No clear directional trigger; waiting for breakout or invalidation.

PLAN CREATED  2026-05-08 18:15:00  plan=a85c5a60  bias=neutral  regime=bear-low  setups=0
  rationale: Price oscillating around 80200, RSI near neutral 58, MACD bullish but price near EMA200 resistance, low volatility and bear regime suggest caution. No clear directional edge; waiting for breakout or pullback.

PLAN CREATED  2026-05-08 19:15:00  plan=7e6995ac  bias=neutral  regime=bear-low  setups=0
  rationale: Price chopping near EMAs, RSI neutral, low volatility, bear regime. No clear high-confidence setup with min_rr 1.0 after worst-case fill adjustment. Avoid forcing a trade.

PLAN CREATED  2026-05-08 20:15:00  plan=7415ff49  bias=bullish  regime=bear-low  setups=0
  rationale: Price is above EMA20 and EMA50, RSI is in bullish territory (58.8), MACD histogram positive and rising, and recent price action shows a bounce from the 79500-80000 support zone. Regime is bear-low but momentum composite is positive, suggesting a short-term bullish reversal.

PLAN CREATED  2026-05-08 21:15:00  plan=20555c6e  bias=neutral  regime=bear-low  setups=0
  rationale: BTC is trading near the 15m 200EMA, RSI 55, MACD histogram positive but flattening, recent price action consolidating. The regime is bear-low, suggesting low volatility in a broader downtrend. No clear setup with sufficient edge given the tight risk limits and need for RR >1.

PLAN CREATED  2026-05-08 22:15:00  plan=5faf6fa9  bias=neutral  regime=bear-low  setups=0
  rationale: Price near EMAs with low volatility regime and bear trend; RSI neutral; no clear directional edge. No setup meets risk/reward criteria.

PLAN CREATED  2026-05-08 23:15:00  plan=87622994  bias=neutral  regime=bear-low  setups=0
  rationale: Price near all EMAs, RSI neutral, MACD hist negative but small, recent price action choppy with no clear trend. Regime bear-low suggests caution. No immediate high-confidence setup, wait for clearer signal.

PLAN CREATED  2026-05-09 00:15:00  plan=2ba5cc7b  bias=neutral  regime=bear-low  setups=0
  rationale: The trend is bearish but volatility is low; price is oscillating near key EMAs (20 and 50) with RSI near 50. No clear directional setup meets risk-reward requirements.

PLAN CREATED  2026-05-09 01:15:00  plan=45e3fa91  bias=neutral  regime=bear-low  setups=0
  rationale: BTC is consolidating near 80200 with mixed signals: RSI neutral (54.8), MACD histogram slightly negative, EMAs are flat and converging (EMA20 ~80173, EMA50 ~80091, EMA200 ~80224), indicating low volatility. Regime is bearish-low volatility. Recent price action shows tight range, no clear breakout. No compelling setup with sufficient reward-to-risk given narrow entry zone requirement.

PLAN CREATED  2026-05-09 02:15:00  plan=39348415  bias=neutral  regime=bear-low  setups=0
  rationale: Price is hovering near EMAs with RSI slightly above 50, but regime is bear-low and long-term slope negative. No clear directional catalyst, so no setup is justified.

PLAN CREATED  2026-05-09 03:15:00  plan=c7e53290  bias=neutral  regime=bear-low  setups=0
  rationale: Price is near recent highs with elevated volume and positive momentum (RSI 60.7, MACD hist positive), but regime is bearish and volatility is low, making trend unclear. No clear setup with adequate risk/reward given tight stop requirements.

PLAN CREATED  2026-05-09 04:15:00  plan=65c0e0f3  bias=neutral  regime=side-low  setups=0
  rationale: Price is near recent highs with RSI around 58, not overbought. Trend is sideways with low volatility. No clear directional setup with sufficient reward:risk. MACD histogram positive but flattening. ATR is moderate. Better to wait for a clearer breakout or pullback.

PLAN CREATED  2026-05-09 05:15:00  plan=9fe69499  bias=neutral  regime=side-low  setups=0
  rationale: The market is in a side-low regime with low volatility. RSI is near 56, not oversold/overbought. Price is around 80397, near EMA20/50/200 (all around 80200-80335). Recent OHLCV shows consolidation between 80200-80500 without a clear trend. No strong momentum or volume signals. Allowed setups left empty to avoid forcing a trade.

PLAN CREATED  2026-05-09 06:15:00  plan=707c21d0  bias=neutral  regime=side-low  setups=0
  rationale: RSI near 50, MACD histogram negative but flattening, price around EMAs with no clear trend. Low volatility regime suggests range-bound conditions. No compelling setup meeting min RR with narrow entry zone.

PLAN CREATED  2026-05-09 07:15:00  plan=fd889ced  bias=neutral  regime=side-low  setups=0
  rationale: RSI below 50, MACD negative, price below all EMAs, but recent price action shows consolidation around 80200 with no clear breakout direction. Regime is side-low with low volatility, suggesting range-bound conditions. No high-conviction setup meets risk/reward requirements.

PLAN CREATED  2026-05-09 08:15:00  plan=c4842394  bias=neutral  regime=side-low  setups=0
  rationale: Regime is side-low, RSI near 55 neutral, MACD histogram negative but small, price hovering around EMAs with no clear breakout. Low volatility and mixed recent price action suggest avoiding directional bias.

PLAN CREATED  2026-05-09 09:15:00  plan=615b5e31  bias=neutral  regime=side-low  setups=0
  rationale: Price oscillating around EMAs, RSI 45 below neutral, MACD hist negative, regime side-low. No clear direction; avoid forcing a trade.

PLAN CREATED  2026-05-09 10:15:00  plan=d55de9f4  bias=neutral  regime=side-low  setups=0
  rationale: Sideways-low regime with RSI below 40 and price near EMAs, but no clear directional catalyst. Volume and CVD suggest mild bearish pressure. Reward-to-risk on potential setups is insufficient due to narrow entry zones and tight ATR. No setups triggered.

PLAN CREATED  2026-05-09 11:15:00  plan=72c922af  bias=neutral  regime=side-low  setups=0
  rationale: RSI near 50 (52.94), EMAs flat, MACD positive but small, regime side-low volatility. No clear directional edge. Recent price oscillating in a narrow range (~80100-80450). No high-confidence setup that meets risk/reward requirements.

PLAN CREATED  2026-05-09 12:15:00  plan=6ed2866e  bias=bullish  regime=side-low  setups=1
  rationale: RSI(14) at 57.5 (above 50) and MACD histogram positive (10.9) indicate bullish momentum. Price above all EMAs (20, 50, 200) with EMAs sloping upward. Volume spikes and an upward CVD slope support the bullish case. The sideways regime suggests a cautious approach; we look for a retracement entry.
  setup[1] f62bf840  LONG  size=0.05
    entry_zone: 80250 -> 80300
    take_profit: [80600, 80800]   stop_loss: 80150
    hard:  price >= ema_20; rsi_14 > 50; macd_hist > 0
    soft:  price <= ema_20 (w0.5); vol_zscore_20 > 1 (w0.3); cvd_slope_10 > 0 (w0.2)
    invalidation: [hard] price <= 80150 (intrabar); [soft] rsi_14 < 40 (on_close)

PLAN CREATED  2026-05-09 13:15:00  plan=1cb4ae6c  bias=neutral  regime=side-low  setups=0
  rationale: Price near ema_20, ema_50, and ema_200, all close together; rsi_14 near 50; volatility low; no clear directional momentum. Both MACD and momentum composite suggest slight bullish lean, but insufficient for a high-confidence setup given the tight range.

PLAN CREATED  2026-05-09 14:15:00  plan=9b4a8896  bias=neutral  regime=side-low  setups=0
  rationale: Sideways regime with low volatility; RSI near 50; price oscillating between EMAs; no clear directional signal; volume spike suggests potential breakout but is not confirmed.

PLAN CREATED  2026-05-09 15:15:00  plan=d108ee9d  bias=neutral  regime=side-low  setups=0
  rationale: Price is oscillating near EMAs with low volatility and sideways trend. RSI is neutral, MACD histogram negative but flattening. Recent OHLCV shows consolidation between 80150-80400. No clear directional conviction to justify a setup with adequate risk-reward given narrow zones.

PLAN CREATED  2026-05-09 16:15:00  plan=b96f1cb1  bias=bullish  regime=side-low  setups=0
  rationale: RSI 14 at 70.2 indicates overbought but momentum remains strong with MACD histogram positive and rising. Price above all EMAs (20,50,200) and recent breakout above 80600 suggests bullish continuation. Volume spike on the current candle confirms buying pressure. However, RSI overbought and entry near recent highs suggests caution. A long setup with tight stop and narrow entry zone can capture momentum with favorable RR.

PLAN CREATED  2026-05-09 17:15:00  plan=bb3a085c  bias=bullish  regime=side-low  setups=0
  rationale: Prices broke above recent range with increasing volume, RSI above 70 indicates strong momentum, but overbought suggests caution. Regime side-low, but recent breakout could be start of trend. Allowed setups are conservative.

PLAN CREATED  2026-05-09 18:15:00  plan=4fa2a868  bias=bullish  regime=side-low  setups=1
  rationale: RSI is overbought at 81.3, price above all EMAs, recent strong upward momentum with increasing volume. However, overbought condition suggests caution; but trend is strong and regime is side-low volatility, so a long setup with tight stop is possible.
  setup[1] 79f8898d  LONG  size=0.05
    entry_zone: 80900 -> 81000
    take_profit: [81400, 81600]   stop_loss: 80750
    hard:  price > ema_20; rsi_14 > 70
    soft:  price > ema_50 (w0.3); macd_hist > 0 (w0.5); vol_zscore_20 > 0 (w0.2)
    invalidation: [hard] price < 80750 (intrabar)

PLAN CREATED  2026-05-09 19:15:00  plan=4ce8fd5e  bias=bullish  regime=side-low  setups=1
  rationale: Price is above all EMAs, RSI is bullish but not overbought, MACD histogram positive, and recent price action shows an uptrend from 80190 to 81024. Low volatility regime supports trend continuation.
  setup[1] 00dcb4b3  LONG  size=0.1
    entry_zone: 80780 -> 80800
    take_profit: [81100, 81300]   stop_loss: 80650
    hard:  price > ema_20; ema_20 > ema_50; ema_50 > ema_200
    soft:  rsi_14 > 50 (w0.3); macd_hist > 0 (w0.2)
    invalidation: [hard] price < 80650 (on_close)
  -> SKIPPED: regime side-low disallows long
  -> SKIPPED: regime side-low disallows long

PLAN CREATED  2026-05-09 20:15:00  plan=70f0208c  bias=neutral  regime=side-low  setups=0
  rationale: Price is above EMAs (20,50,200) but RSI is around 55, not overbought. MACD histogram is negative but close to zero. Recent rally stalled after hitting 81000 area. Regime is side-low volatility. Conditions are unclear with no strong signal, so no setups are proposed.

PLAN CREATED  2026-05-09 21:15:00  plan=19198e16  bias=neutral  regime=side-low  setups=0
  rationale: RSI near 56, price near EMAs (20/50/200 clustered ~80400-80800), MACD histogram negative but close to zero, low volatility regime. No clear directional edge; recent price action shows choppy range 80600-81000. Holding a 5% ETH short, so no new BTC positions per one_position_per_symbol rule, but directional bias is neutral.

PLAN CREATED  2026-05-09 22:15:00  plan=99df2cf6  bias=neutral  regime=side-low  setups=0
  rationale: Market is in a side-low regime with low volatility. RSI near 50, MACD histogram negative, and recent price action shows consolidation around 80700-81000. No clear directional edge; waiting for better setup.

PLAN CREATED  2026-05-09 23:15:00  plan=e947645d  bias=neutral  regime=side-low  setups=0
  rationale: Price is oscillating near ema_20/50 in a side-low regime. RSI ~44, MACD histogram negative, volume declining. No clear directional edge; waiting for breakout or confirmation.

PLAN CREATED  2026-05-10 00:15:00  plan=e01e51f1  bias=neutral  regime=side-low  setups=0
  rationale: Price is hovering near the 20 and 50 EMAs (80698, 80620) with RSI near 50, indicating indecision. The MACD histogram is negative but flattening, and volume is low. The overall regime is side-low, suggesting no strong directional bias. No clear high-probability setup with adequate RR meets the risk criteria.

PLAN CREATED  2026-05-10 01:15:00  plan=e34ddb36  bias=neutral  regime=side-low  setups=0
  rationale: Price is in a narrow range around EMAs (20, 50, 200 are close), RSI is slightly below 40 (oversold zone) but not extreme, MACD histogram is negative and decreasing, regime is side-low volatility. No clear directional setup with adequate reward:risk.

PLAN CREATED  2026-05-10 02:15:00  plan=12d0ea9f  bias=neutral  regime=side-low  setups=0
  rationale: Sideways trend with low volatility, RSI near 50, no clear momentum. Recent price action shows minor pullback from highs but still within range. No compelling setup with adequate RR at worst-case fill.

PLAN CREATED  2026-05-10 03:15:00  plan=91a4bd1e  bias=neutral  regime=side-low  setups=0
  rationale: Price is near EMAs, RSI ~53, MACD positive but flat, volume low, regime side-low volatility. No clear edge; waiting for breakout or pullback.

PLAN CREATED  2026-05-10 04:15:00  plan=be75ad23  bias=neutral  regime=side-low  setups=0
  rationale: Price is near EMAs (20,50,200) with low volatility and sideways regime. RSI at 56 shows no clear direction. No strong signal for a high-confidence setup. Volume and momentum are moderate but not compelling. Market bias is neutral.

PLAN CREATED  2026-05-10 05:15:00  plan=5fedfb10  bias=neutral  regime=side-low  setups=0
  rationale: Price is oscillating within a tight range around the 20 and 50 EMAs with RSI near neutral and low volatility regime, suggesting no clear directional bias. CVD slope negative indicates slight bearish pressure, but MACD histogram is marginally positive. No strong setup meets risk criteria.

PLAN CREATED  2026-05-10 06:15:00  plan=87ae9cb6  bias=bearish  regime=side-low  setups=1
  rationale: Price is below all EMAs (20, 50, 200), RSI is bearish at 41, MACD histogram negative and below signal, and recent price action shows lower highs/lows. Regime is side-low volatility, but short-term momentum is downward.
  setup[1] 026eda1a  SHORT  size=0.05
    entry_zone: 80650 -> 80680
    take_profit: [80440, 80300]   stop_loss: 80780
    hard:  rsi_14 < 50; price < ema_20; macd_hist < 0
    soft:  macd < macd_signal (w0.5)
  -> SKIPPED: regime side-low disallows short

PLAN CREATED  2026-05-10 07:15:00  plan=ecd5e67a  bias=neutral  regime=side-low  setups=0
  rationale: Price is consolidating around 80700, near EMAs but RSI is neutral (55.95). MACD histogram is negative but small. Regime is side-low with low volatility. No clear directional signal, so no setups recommended.

PLAN CREATED  2026-05-10 08:15:00  plan=680cab50  bias=bullish  regime=side-low  setups=1
  rationale: Price breakout on high volume from a tight range, RSI bullish above 60, MACD positive and expanding, EMAs in bullish order, regime side-low but momentum composite strong.
  setup[1] df152117  LONG  size=0.08
    entry_zone: 80850 -> 80890
    take_profit: [81100, 81300]   stop_loss: 80700
    hard:  price > 80850; rsi_14 > 50; vol_zscore_20 > 2
    soft:  macd_hist > 0 (w0.7); ema_20 > ema_50 (w0.3)
    invalidation: [hard] price < 80700 (intrabar); [soft] rsi_14 < 40 (on_close)

PLAN CREATED  2026-05-10 09:15:00  plan=395abbd7  bias=neutral  regime=side-low  setups=0
  rationale: Price is near EMAs (20/50/200) and RSI near 50, indicating no strong trend. Low volatility and sideways regime suggest range-bound conditions. No clear setup with adequate risk-reward given narrow entry zone and RR requirements.

PLAN CREATED  2026-05-10 10:15:00  plan=b9a7a364  bias=neutral  regime=side-low  setups=0
  rationale: RSI near 54, EMAs flat, MACD histogram negative, low volatility regime. No clear directional edge; stop-out risk from recent wicks. Avoid forcing a trade.

PLAN CREATED  2026-05-10 11:15:00  plan=744eab98  bias=neutral  regime=bull-low  setups=0
  rationale: Price is oscillating near the EMAs, RSI neutral at ~50.7, MACD histogram slightly positive but low momentum. Volatility is low, trend is bullish but price consolidating. No clear setup with sufficient RR given the tight range.

PLAN CREATED  2026-05-10 12:15:00  plan=e9ab8e56  bias=bullish  regime=bull-low  setups=1
  rationale: Price is above all EMAs (20, 50, 200) with a bullish MACD crossover (histogram positive). Trend regime is 'bull' with low volatility, supporting continuation. RSI at 59.67 is not overbought, and recent price action shows higher highs and lows over the last few candles.
  setup[1] 23028f24  LONG  size=0.08
    entry_zone: 80870 -> 80895
    take_profit: [81050, 81150, 81300]   stop_loss: 80780
    hard:  rsi_14 > 50; close > ema_200; close > ema_50
    soft:  momentum_composite > 0.5 (w0.6); macd_hist > 0 (w0.4)
    invalidation: [hard] close < ema_50 (on_close); [soft] rsi_14 > 70 (intrabar)
----------------------------------------------------------------------------------------
CONFIRM  2026-05-10 12:15:00  plan=e9ab8e56 setup=23028f24  action=CONFIRM  size_x=1
  price=80890.3  hard_ok=True  soft_score=1
  reason: Price within entry zone, all hard rules met, soft_score high at 1.0, RSI (59.67) shows room to run, MACD histogram positive and rising above signal, momentum composite strong (0.79).
TRADE OPENED  2026-05-10 12:15:00  trade=c6f19e77  plan=e9ab8e56 setup=23028f24  LONG @ 80890.3  size=0.08
  -> EXECUTED — rr 1.45

PLAN CREATED  2026-05-10 13:15:00  plan=d1cb2cc1  bias=bullish  regime=bull-low  setups=1
  rationale: Price is above all EMAs, RSI bullish (63), MACD bullish with positive histogram, and trend regime is bull-low volatility. Recent price action shows higher highs and higher lows, confirming short-term bullish momentum.
  setup[1] 05a68bb1  LONG  size=0.08
    entry_zone: 80920 -> 80940
    take_profit: [81200, 81450]   stop_loss: 80800
    hard:  rsi_14 > 50; price > ema_20; price > ema_50; macro_hist > 0
    soft:  vol_zscore_20 < 2 (w0.5); macd > macd_signal (w1)
    invalidation: [hard] price <= 80850 (on_close); [warning] rsi_14 > 70 (on_close)
TRADE CLOSED  2026-05-10 13:15:00  trade=c6f19e77  plan=e9ab8e56  reason=expiry  pnl=+0.06%

PLAN CREATED  2026-05-10 14:15:00  plan=aac0cc93  bias=bullish  regime=bull-low  setups=0
  rationale: Price is above all EMAs, MACD histogram positive, RSI above 50, and the trend regime is bull. The recent price action shows higher highs and higher lows. A long setup targeting the recent high around 80970 with stop below the recent low is viable. However, due to the one-position-per-symbol rule and existing short ETH position, no new BTC trade is allowed. Hence, allowed_setups is empty.

PLAN CREATED  2026-05-10 15:15:00  plan=914b20ba  bias=bullish  regime=bull-low  setups=1
  rationale: Price is above EMAs (20, 50, 200) with a bullish regime (trend=bull). RSI at 56 shows bullish momentum. MACD histogram positive. Price making higher highs recently. However, volatility is low and recent volume spike suggests potential breakout. I propose a setup to capture continuation of uptrend.
  setup[1] 70eca975  LONG  size=0.05
    entry_zone: 80900 -> 80950
    take_profit: [81300, 81500]   stop_loss: 80700
    hard:  price > ema_50; rsi_14 > 50
    soft:  macd_hist > 0 (w0.5)
    invalidation: [hard] rsi_14 < 40 (intrabar)
----------------------------------------------------------------------------------------
CONFIRM  2026-05-10 15:15:00  plan=914b20ba setup=70eca975  action=CONFIRM  size_x=1
  price=80922  hard_ok=True  soft_score=1
  reason: Price is within entry zone (80922 between 80900-80950), all hard rules satisfied (price above ema_50, rsi_14 > 50), soft score is 1.0, momentum composite is strong (0.76), and plan bias is bullish. No signs of exhaustion or fading momentum.
TRADE OPENED  2026-05-10 15:15:00  trade=2ad3d879  plan=914b20ba setup=70eca975  LONG @ 80922  size=0.05
  -> EXECUTED — rr 1.70
  -> SCALED OUT 0.50 at tp1 @ 81300.0 (leg +0.47%) — stop→breakeven

PLAN CREATED  2026-05-10 16:15:00  plan=5d0a3667  bias=bullish  regime=bull-low  setups=1
  rationale: Price is above all EMAs, trend is bull, volatility low, RSI 63 not overbought. Recent bullish momentum with higher highs, but current candle is pulling back, creating a potential dip-buy entry near EMA support.
  setup[1] cfa6d0d1  LONG  size=0.05
    entry_zone: 81100 -> 81200
    take_profit: [81800, 82200]   stop_loss: 80850
    hard:  price >= ema_20; ema_20 > ema_50; rsi_14 > 50
    soft:  macd_hist > 0 (w0.5); vol_zscore_20 < 1.5 (w0.3)
    invalidation: [hard] price <= 80850 (intrabar); [warning] rsi_14 > 75 (on_close)
TRADE CLOSED  2026-05-10 16:15:00  trade=2ad3d879  plan=914b20ba  reason=trail  pnl=+0.43%

PLAN CREATED  2026-05-10 17:15:00  plan=de98a523  bias=bullish  regime=bull-low  setups=1
  rationale: Price is above all EMAs (20, 50, 200) with bullish order. MACD histogram positive and rising. RSI at 66, not overbought. Recent volume surge suggests strong momentum. Regime is bull-low volatility, favoring trend continuation.
  setup[1] d82bdf32  LONG  size=0.1
    entry_zone: 81200 -> 81300
    take_profit: [81800, 82100]   stop_loss: 80920
    hard:  ema_20 > ema_50; ema_50 > ema_200; price > ema_20; rsi_14 > 50; macd_hist > 0
    soft:  rsi_14 < 70 (w0.7); vol_zscore_20 > -1 (w0.5); momentum_composite > 0.5 (w0.6)
    invalidation: [hard] price < 80920 (on_close); [warning] rsi_14 > 80 (intrabar); [soft] macd_hist crosses_below 0 (on_close)

PLAN CREATED  2026-05-10 18:15:00  plan=5836ec85  bias=bullish  regime=bull-low  setups=1
  rationale: Price is above all EMAs (20, 50, 200), RSI is bullish (60.7), MACD histogram positive, and recent trend shows higher highs. Regime is bull-low volatility, supporting trend continuation.
  setup[1] e4de0ef4  LONG  size=0.1
    entry_zone: 81300 -> 81400
    take_profit: [81800, 82000]   stop_loss: 81150
    hard:  price > ema_20; rsi_14 > 50; macd_hist > 0
    soft:  price > ema_50 (w0.5); price > ema_200 (w0.3); vol_zscore_20 > -1 (w0.2)
    invalidation: [hard] price <= 81100 (intrabar)
----------------------------------------------------------------------------------------
CONFIRM  2026-05-10 18:15:00  plan=5836ec85 setup=e4de0ef4  action=CONFIRM  size_x=1
  price=81324.8  hard_ok=True  soft_score=1
  reason: Price 81324.8 within entry zone (81300-81400), hard rules all met, soft score 1.0, RSI 60.7 > 50, MACD hist positive, momentum composite high, all support bullish continuation.
TRADE OPENED  2026-05-10 18:15:00  trade=1ff35ed4  plan=5836ec85 setup=e4de0ef4  LONG @ 81324.8  size=0.1
  -> EXECUTED — rr 2.72
TRADE CLOSED  2026-05-10 19:00:00  trade=1ff35ed4  plan=5836ec85  reason=sl  pnl=-0.21%

PLAN CREATED  2026-05-10 19:15:00  plan=98ce6d72  bias=bullish  regime=bull-low  setups=1
  rationale: Price is above all EMAs, RSI is bullish above 60, MACD histogram turning positive, recent breakout above 81400, bull-low regime supports trend continuation.
  setup[1] c011b583  LONG  size=0.08
    entry_zone: 81200 -> 81250
    take_profit: [81550, 81650]   stop_loss: 81100
    hard:  rsi_14 > 50; price > ema_20; price > ema_50; price > ema_200
    soft:  rsi_14 > 60 (w0.5); macd_hist > 0 (w0.5)
    invalidation: [hard] price < 81000 (intrabar); [warning] rsi_14 > 75 (on_close)

PLAN CREATED  2026-05-10 20:15:00  plan=4b250eff  bias=bullish  regime=bull-low  setups=1
  rationale: Price is above all EMAs (20,50,200) and EMAs are positively aligned. Trend regime is bull-low, indicating bullish trend with low volatility. RSI near 45 is neutral but not overbought. Recent price action shows a push above 81400 followed by a pullback to test support near 81100. A bounce from this level could offer a long opportunity with tight stop.
  setup[1] 0429c476  LONG  size=0.1
    entry_zone: 81100 -> 81150
    take_profit: [81450, 81600]   stop_loss: 80950
    hard:  price > ema_50; rsi_14 > 40; price > 81050
    soft:  macd_hist > -50 (w0.5); vol_zscore_20 < 1.5 (w0.3); price > ema_20 (w0.2)
    invalidation: [hard] price < 80950 (intrabar)
----------------------------------------------------------------------------------------
CONFIRM  2026-05-10 20:15:00  plan=4b250eff setup=0429c476  action=PARSE_FAIL  size_x=1
  price=81106.8  hard_ok=True  soft_score=0.8
  -> SKIPPED: parse_fail

PLAN CREATED  2026-05-10 20:45:00  plan=8fa75d80  bias=bearish  regime=bull-low  setups=1
  rationale: RSI at 31 (oversold) but recent price breakdown below EMAs and spike in volume (vol_zscore_20 = 5.11) suggests strong selling pressure. CVD slope negative, MACD histogram deeply negative. Regime is bull-low but current momentum is bearish. Consider short bounces.
  setup[1] b583ea49  SHORT  size=0.05
    entry_zone: 80690 -> 80760
    take_profit: [80250, 79800, 79400]   stop_loss: 80900
    hard:  rsi_14 < 40; price < ema_20; price < ema_50; macd_hist < 0
    soft:  cvd_slope_10 < 0 (w0.6); vol_zscore_20 > 2 (w0.4)
    invalidation: [hard] price > 80900 (intrabar); [soft] rsi_14 > 50 (intrabar)
  -> SKIPPED: regime bull-low disallows short

PLAN CREATED  2026-05-10 21:45:00  plan=63cc62b0  bias=bearish  regime=bull-low  setups=1
  rationale: RSI at 35.39 indicates oversold conditions but momentum is still bearish with negative MACD and histogram. Price broke below EMA 20/50 and is testing EMA 200. Recent sharp sell-off from 81423 to 80225 suggests bearish pressure. Volatility is low, favoring trend continuation.
  setup[1] 9b8dc7b2  SHORT  size=0.1
    entry_zone: 80674 -> 80790
    take_profit: [79500, 79000]   stop_loss: 81150
    hard:  rsi_14 < 40; macd_hist < 0; price < ema_20
    soft:  rsi_14 < 30 (w0.5); momentum_composite < 0.1 (w0.3)
    invalidation: [hard] price > 81200 (intrabar); [warning] rsi_14 > 45 (on_close)

PLAN CREATED  2026-05-10 22:15:00  plan=90c8ff54  bias=bullish  regime=bull-low  setups=1
  rationale: Price is above EMAs (20,50,200) with bullish cross on MACD histogram turning positive, RSI above 60, and regime shows bull-low volatility; recent pullback found support near EMA 200 and bounced sharply, suggesting continuation.
  setup[1] 12f2f5ba  LONG  size=0.1
    entry_zone: 81450 -> 81550
    take_profit: [82000, 82500]   stop_loss: 81200
    hard:  rsi_14 > 50; price > ema_50; price > ema_200; macd_hist > 0
    soft:  vol_zscore_20 > 0 (w0.5); momentum_composite > 0.5 (w0.5)
    invalidation: [hard] price < 81170 (intrabar)
----------------------------------------------------------------------------------------
CONFIRM  2026-05-10 22:15:00  plan=90c8ff54 setup=12f2f5ba  action=CONFIRM  size_x=1
  price=81462.8  hard_ok=True  soft_score=1
  reason: Price at 81462.8 is inside entry zone (81450-81550), all hard rules pass, soft score is max (1.0), RSI above 50, macd_hist positive and rising, momentum composite high, volume z-score positive. Conviction is strong.
TRADE OPENED  2026-05-10 22:15:00  trade=f45f1589  plan=90c8ff54 setup=12f2f5ba  LONG @ 81462.8  size=0.1
  -> EXECUTED — rr 2.04
  -> SCALED OUT 0.50 at tp1 @ 82000.0 (leg +0.66%) — stop→breakeven

PLAN CREATED  2026-05-10 23:15:00  plan=c791c8c4  bias=bullish  regime=bull-low  setups=1
  rationale: Price is above all EMAs (20,50,200) indicating bullish trend. RSI at 69.66 is just below overbought, room for further upside. MACD histogram positive and rising. Regime is bull-low volatility. Recent strong upward momentum with higher highs and higher lows. However, current candle is pulling back slightly; potential entry on a pullback to EMA support.
  setup[1] 2ddc21c3  LONG  size=0.1
    entry_zone: 81950 -> 82100
    take_profit: [82600, 83000]   stop_loss: 81800
    hard:  price >= ema_20; rsi_14 < 70; price < ema_20
    soft:  rsi_14 > 50 (w0.5); macd > macd_signal (w0.5)
    invalidation: [hard] price < 81800 (intrabar)
TRADE CLOSED  2026-05-11 00:00:00  trade=f45f1589  plan=90c8ff54  reason=trail  pnl=+0.59%

PLAN CREATED  2026-05-11 00:15:00  plan=ec3d0174  bias=bullish  regime=bull-low  setups=1
  rationale: Price is above EMAs (20, 50, 200) with bullish trend regime. Recent spike high and pullback creating potential buying opportunity near EMA support. MACD hist positive, RSI neutral. Risk limits allow new position.
  setup[1] a6600455  LONG  size=0.1
    entry_zone: 81330 -> 81530
    take_profit: [82600, 83000]   stop_loss: 80900
    hard:  price > ema_50; rsi_14 > 40; price > ema_200
    soft:  macd_hist > 0 (w0.5); obv > 0 (w0.3)
    invalidation: [hard] price < 80900 (intrabar); [soft] rsi_14 < 30 (intrabar)

PLAN CREATED  2026-05-11 01:15:00  plan=11fa81ad  bias=bullish  regime=bull-low  setups=0
  rationale: Price is above rising EMAs (20,50,200) in a low-volatility bull regime. Recent pullback found support near 81230 and bounced back above 81500. RSI neutral, MACD histogram negative but converging. Bias is bullish for mean reversion or trend continuation.

PLAN CREATED  2026-05-11 02:15:00  plan=8a80f79b  bias=neutral  regime=bull-low  setups=0
  rationale: RSI 14 is 42.76 (neutral zone), price is below EMA_20 (81500) but above EMA_50 (81343) and EMA_200 (80870), indicating mixed signals. Recent price action shows a pullback from highs near 82460 to 81197, with increased volume on the drop. Regime is bull-low, but short-term momentum is weak. No clear setup meets risk/reward criteria.

PLAN CREATED  2026-05-11 03:15:00  plan=ba06a147  bias=bearish  regime=bull-low  setups=1
  rationale: Price is trending down from recent highs, RSI(14) is 30.68 indicating oversold but still bearish momentum, MACD histogram is deeply negative, and price is below all EMAs. Regime is bull-low but short-term weakness is evident. The recent sharp drop from 82000+ to 80555 suggests sellers are in control.
  setup[1] 8cffbb82  SHORT  size=0.05
    entry_zone: 80555.7 -> 80683.7
    take_profit: [80100, 79500]   stop_loss: 81000
    hard:  price < ema_20; price < ema_50; rsi_14 < 40
    soft:  macd_hist < 0 (w1)
    invalidation: [hard] price >= 81000 (intrabar); [soft] rsi_14 crosses_above 50 (on_close)
  -> SKIPPED: regime bull-low disallows short
  -> SKIPPED: regime bull-low disallows short

PLAN CREATED  2026-05-11 04:15:00  plan=d55ecd13  bias=bearish  regime=bull-low  setups=1
  rationale: Price is below EMA_20 and EMA_50, RSI at 37.5 (bearish zone), MACD histogram negative and decreasing. Recent sharp drop from 82460.5 to 80560.0 indicates bearish momentum. Regime is bull-low, but current momentum and structure favor short trades. However, price is near recent low and ATR suggests tight stops; a short entry with a narrow zone could offer RR above min_rr.
  setup[1] 60a0fb16  SHORT  size=0.08
    entry_zone: 80700 -> 80750
    take_profit: [80200, 79800]   stop_loss: 81000
    hard:  price < ema_20; rsi_14 < 40; macd_hist < 0
    soft:  price < ema_50 (w0.5); vol_zscore_20 < -0.5 (w0.3)
    invalidation: [hard] price > 81100 (intrabar)
  -> SKIPPED: regime bull-low disallows short

PLAN CREATED  2026-05-11 05:15:00  plan=02c30b44  bias=bearish  regime=bull-low  setups=1
  rationale: Price is below EMAs 20 and 50, RSI below 50, MACD negative and histogram declining. Regime is bull-low, but recent sell-off from 82460 to 80700 suggests bearish momentum. ATR is low, but the downtrend is clear.
  setup[1] 2bad4567  SHORT  size=0.05
    entry_zone: 80800.6 -> 80928.3
    take_profit: [80300, 80000]   stop_loss: 81200
    hard:  price < ema_20; price < ema_50; rsi_14 < 50
    soft:  macd_hist < 0 (w0.5); price < ema_200 (w0.3)
    invalidation: [hard] price > 81200 (intrabar); [warning] rsi_14 > 60 (on_close)
  -> SKIPPED: regime bull-low disallows short

PLAN CREATED  2026-05-11 06:15:00  plan=f84f9c97  bias=neutral  regime=bull-low  setups=0
  rationale: Price is oscillating near EMAs after a sharp drop from 82460 to 80500, RSI ~48 neutral, MACD histogram positive but small, trend is still bull but volatility low. No clear high-confidence setup that meets RR > 1.0 with a narrow entry zone given recent choppiness.

PLAN CREATED  2026-05-11 07:15:00  plan=b952bced  bias=neutral  regime=bull-low  setups=0
  rationale: Price is near the 200 EMA, RSI is 40.25 (below 50), MACD histogram turned positive but still negative, and recent price action shows a drop from 82460 to 80700, consolidating near the 15m EMA cluster. Volatility is low and trend is bullish per regime, but short-term momentum is bearish. No clear setup with adequate RR given narrow entry zones and risk limits.

PLAN CREATED  2026-05-11 08:15:00  plan=cc47be0d  bias=bearish  regime=bull-low  setups=1
  rationale: Price has been declining from recent highs near 82400, currently below all major EMAs (20, 50, 200) which are flat/converging, indicating a loss of bullish momentum. RSI at 37.3 is weak and approaching oversold territory. MACD histogram is barely positive but MACD line still below signal. Recent OHLCV shows lower highs and lower lows with above-average volume on selloffs. The regime is bull-low but price action suggests a potential downside continuation towards support around 80000.
  setup[1] 57659435  SHORT  size=0.05
    entry_zone: 80650 -> 80750
    take_profit: [80200, 79800]   stop_loss: 81000
    hard:  rsi_14 < 40; price < ema_20; price < ema_50
    soft:  macd_hist < 0 (w0.5); vol_zscore_20 < 0 (w0.3)
    invalidation: [hard] price > 80900 (intrabar)

PLAN CREATED  2026-05-11 09:15:00  plan=9fe66921  bias=neutral  regime=bull-low  setups=0
  rationale: RSI near 50, EMAs flat, MACD hist positive but small; recent price consolidation. Trend is bullish but volatility low. No clear setup with sufficient RR given tight ATR and recent range.

PLAN CREATED  2026-05-11 10:15:00  plan=8f0d830e  bias=bullish  regime=bull-low  setups=1
  rationale: RSI above 60, price above EMAs, bullish trend regime (bull-low), volume spikes and market structure shows recovery after dip, momentum composite positive.
  setup[1] ff365cd4  LONG  size=0.06
    entry_zone: 81100 -> 81135.4
    take_profit: [81550, 81800, 82000]   stop_loss: 80920
    hard:  price >= ema_20; ema_20 > ema_50; rsi_14 > 50
    soft:  macd_hist > 0 (w0.5); vol_zscore_20 > 1 (w0.3)
    invalidation: [hard] price < ema_200 (on_close)

PLAN CREATED  2026-05-11 11:15:00  plan=41c7e9a6  bias=bullish  regime=bull-low  setups=1
  rationale: The trend is bull, volatility is low, and RSI (56.4) is neutral with positive momentum (MACD histogram positive). Price is above all EMAs, suggesting bullish structure. Recent OHLCV shows recovery from the 80500-80700 support zone. Low volatility suggests gradual move higher.
  setup[1] 807cc599  LONG  size=0.05
    entry_zone: 81000 -> 81020
    take_profit: [81350, 81500, 81700]   stop_loss: 80850
    hard:  price >= ema_50; rsi_14 > 50; macd_hist > 0
    soft:  price > ema_20 (w1); vol_zscore_20 < 1.5 (w0.5)
    invalidation: [hard] price < 80800 (intrabar); [soft] rsi_14 < 45 (on_close)

PLAN CREATED  2026-05-11 12:15:00  plan=e705badf  bias=bullish  regime=bull-low  setups=1
  rationale: Price is above all EMAs (20, 50, 200) and EMA order is bullish (20 > 50 > 200). RSI 14 at 61.9 shows bullish momentum without overbought. MACD histogram positive and rising, volume spike (vol_zscore 4.8) suggesting strong buying. Regime is bull-low volatility, favoring trend continuations. Recent price bounce from support near 80500 confirms buyers active.
  setup[1] 60e7cbb5  LONG  size=0.08
    entry_zone: 81230 -> 81250
    take_profit: [81950, 82200, 82500]   stop_loss: 81000
    hard:  price > ema_20; rsi_14 > 50; macd_hist > 0
    soft:  vol_zscore_20 > 2 (w0.3)
    invalidation: [hard] price < 80900 (intrabar)

PLAN CREATED  2026-05-11 13:15:00  plan=e8ae78c1  bias=bullish  regime=bull-low  setups=1
  rationale: Trend is bull, volatility is low. RSI is neutral, price is above all EMAs, MACD histogram positive. Recent price action shows a dip to 80560 then recovery above 81000, indicating support. Momentum composite is positive (0.75). Low volatility regime supports trend continuation.
  setup[1] a95af790  LONG  size=0.1
    entry_zone: 81000 -> 81100
    take_profit: [81550, 81700]   stop_loss: 80820
    hard:  price > ema_20; price > ema_50; price > ema_200; rsi_14 > 50
    soft:  macd_hist > 0 (w0.5); momentum_composite > 0.5 (w0.3); vol_zscore_20 < 1 (w0.2)
    invalidation: [hard] price < 80820 (intrabar)
----------------------------------------------------------------------------------------
CONFIRM  2026-05-11 13:30:00  plan=e8ae78c1 setup=a95af790  action=PARSE_FAIL  size_x=1
  price=81037.9  hard_ok=True  soft_score=0.8
  -> SKIPPED: parse_fail

PLAN CREATED  2026-05-11 14:15:00  plan=c78464a1  bias=bearish  regime=side-low  setups=1
  rationale: Price closed near session low at 80709.8, well below EMAs (EMA20 81009, EMA50 81005, EMA200 80882). RSI 14 at 40.5 indicates bearish momentum. MACD histogram negative. Regime is side-low with low volatility, favoring mean reversion or breakout. Recent bearish candlestick (open 81096.7, close 80709.8) suggests continued downside. CVD slope negative implies selling pressure. Setup aims for continuation short with tight stop above recent high.
  setup[1] d4ade67c  SHORT  size=0.08
    entry_zone: 80698 -> 80710
    take_profit: [80300, 80000]   stop_loss: 81000
    hard:  price < ema_20; price < ema_50; rsi_14 < 50
    soft:  macd_hist < 0 (w0.5); cvd_slope_10 < 0 (w0.3)
    invalidation: [hard] price >= 81100 (intrabar); [warning] rsi_14 > 55 (on_close)
  -> SKIPPED: regime side-low disallows short

PLAN CREATED  2026-05-11 15:15:00  plan=859f32b1  bias=bullish  regime=side-low  setups=1
  rationale: Price closed above all EMAs on 15m, RSI above 50, MACD positive with histogram bullish. Regime is side-low but recent price action shows bullish momentum overcoming resistance. CVD slope negative suggests caution but not yet invalidating. Setup entry zone at recent support levels with tight stop below current low.
  setup[1] ddb07132  LONG  size=0.08
    entry_zone: 81100 -> 81200
    take_profit: [81700, 82000]   stop_loss: 80800
    hard:  price > ema_20; rsi_14 > 50; macd_hist > 0
    soft:  price > ema_50 (w0.5); price > ema_200 (w0.5)
    invalidation: [hard] price < 80800 (intrabar); [warning] cvd_slope_10 < 0 (on_close)

PLAN CREATED  2026-05-11 16:15:00  plan=c7a513b9  bias=bullish  regime=side-low  setups=1
  rationale: Price is above all EMAs, RSI is strong (66.4) but not overbought, MACD histogram positive and rising, volume is increasing on breakouts to new highs (recent candle at 16:00 shows high volume). Recent price action shows a V-shaped recovery from the 14:30 low of 80394, now above 81733. Momentum composite is positive (0.955). Regime is side-low but price is breaking out. Entry zone is just above current price at 81750-81850, targeting the recent high area near 82150, with stop below recent support at 81200. Risk:reward at worst-case fill (entry_zone low=81750) is (82150-81750)/(81750-81200)=400/550=0.73, which is too low. We need to adjust entry zone or targets to meet min_rr=1.0. Let's try entry_zone [81600,81700] (below current close to allow pullback entry) with stop at 81200 and tp1 at 82200: worst-case fill at entry_zone high=81700 gives (82200-81700)/(81700-81200)=500/500=1.0 exactly. But entry_zone low is below current price, which is acceptable. However, the setup is designed to catch pullback to support. Alternatively, keep entry zone above current price but with tighter stop. Let's choose entry_zone [81750,81850], stop at 81450 (below recent support), tp1 at 82300: worst-case fill at 81850 gives (82300-81850)/(81850-81450)=450/400=1.125, meeting buffer. Size 0.1 is max, but we only have 0.05 used on ETH, so we can use 0.1.
  setup[1] 267bfcff  LONG  size=0.1
    entry_zone: 81750 -> 81850
    take_profit: [82300, 82600]   stop_loss: 81450
    hard:  price > ema_20; price > ema_50; macd_hist > 0; rsi_14 > 50
    soft:  vol_zscore_20 > 0 (w0.5); momentum_composite > 0.5 (w0.5)
    invalidation: [hard] price < ema_200 (on_close)

PLAN CREATED  2026-05-11 17:15:00  plan=796bc4fa  bias=bullish  regime=side-low  setups=0
  rationale: Price trending above EMAs (20, 50, 200) with RSI 60.9 showing moderate bullish momentum. MACD positive and histogram increasing. Regime side-low indicates low volatility, but recent price action shows a breakout above prior range. Volume spikes confirm interest.

PLAN CREATED  2026-05-11 18:15:00  plan=1c877116  bias=bullish  regime=side-low  setups=0
  rationale: RSI(14) at 67.92 is bullish but not overbought; price is above all EMAs (20, 50, 200) with a positive MACD histogram; recent momentum is strong with a breakout above 81300; trend is sideways but volatile side-low regime, yet the 15m structure is solid bullish with higher lows and expanding range. Overall bias is in favor of continued upward movement.

PLAN CREATED  2026-05-11 19:15:00  plan=d916618e  bias=neutral  regime=side-low  setups=0
  rationale: RSI slightly bullish (61.8) and price above EMAs, but regime is side-low, CVD slope negative, volume low, and R:R not attractive enough given volatility. No clear high-confidence setup.

PLAN CREATED  2026-05-11 20:15:00  plan=28fc5769  bias=bullish  regime=side-low  setups=0
  rationale: Price above all EMAs (20/50/200), RSI neutral, MACD histogram near zero but positive MACD, recent upward momentum with higher highs; regime side-low suggests low volatility but price trending up. No strong bearish signals, bias slightly bullish but awaiting clearer entry.

PLAN CREATED  2026-05-11 21:15:00  plan=c8e3bf5f  bias=bearish  regime=side-low  setups=0
  rationale: Price closed near low of the current 15m candle, RSI <50, MACD histogram negative, regime side-low. Short-term EMA20 crossed below EMA50? Not yet but price below both. Slight bearish lean.

PLAN CREATED  2026-05-11 22:15:00  plan=493aacde  bias=neutral  regime=side-low  setups=0
  rationale: Price is in a tight range near EMAs, RSI neutral, MACD histogram negative, regime side-low. No strong directional signal; volatility low. Not enough conviction to enter a trade.

PLAN CREATED  2026-05-11 23:15:00  plan=e4687089  bias=bearish  regime=side-low  setups=1
  rationale: Price is below EMA_20 and EMA_50, RSI below 50, MACD histogram negative, and recent session showed rejection at 82000. Low volatility regime suggests gradual moves. Expect continuation lower.
  setup[1] 17cc2137  SHORT  size=0.08
    entry_zone: 81550 -> 81700
    take_profit: [81150, 80900]   stop_loss: 81900
    hard:  close < ema_20; rsi_14 < 50; macd_hist < 0
    soft:  close < ema_50 (w0.7); obv < obv_sma_20 (w0.5)
    invalidation: [hard] close >= 81950 (intrabar); [soft] rsi_14 crosses_above 50 (on_close)

PLAN CREATED  2026-05-12 00:15:00  plan=ba113925  bias=neutral  regime=side-low  setups=0
  rationale: Price is near EMAs (20, 50, 200) with low volatility and sideways regime. RSI is neutral at 43.7, MACD histogram negative but small. No clear trend, so no setups triggered.

PLAN CREATED  2026-05-12 01:15:00  plan=1c56681e  bias=bearish  regime=side-low  setups=1
  rationale: Price is below all EMAs, RSI below 40, MACD histogram negative and declining, and recent high-volume candles show selling pressure. Regime is side-low, suggesting low momentum with bearish bias.
  setup[1] 0afdf27e  SHORT  size=0.08
    entry_zone: 81330 -> 81435.2
    take_profit: [80700, 80300]   stop_loss: 81641
    hard:  close < ema_20; rsi_14 < 40
    soft:  macd_hist < 0 (w0.6); close < ema_50 (w0.4)
    invalidation: [hard] close > 81641 (intrabar)
  -> SKIPPED: regime side-low disallows short

PLAN CREATED  2026-05-12 02:15:00  plan=724b660b  bias=bearish  regime=side-low  setups=0
  rationale: Price is below EMAs (20,50,200), RSI is bearish at 39.5, MACD histogram negative and momentum negative. Recent drop from 82000 to 81200 with a spike low at 80661 suggests selling pressure. Regime is sideways low volatility, but short-term momentum favors further downside.

PLAN CREATED  2026-05-12 03:15:00  plan=f8d899ab  bias=bearish  regime=side-low  setups=0
  rationale: Price is below EMAs (20, 50) with bearish crossover, RSI below 40, MACD histogram negative and decreasing, CVD slope negative, volume low. Regime is side-low but downside momentum is building.

PLAN CREATED  2026-05-12 04:15:00  plan=b5f1c326  bias=bearish  regime=side-low  setups=1
  rationale: Price is below all EMAs (20/50/200), RSI below 50, MACD histogram negative, and the recent drop with high volume suggests bearish momentum. Regime is side-low, so a short setup with tight stop is warranted.
  setup[1] 037aa25f  SHORT  size=0.05
    entry_zone: 81120 -> 81180
    take_profit: [80800, 80600]   stop_loss: 81350
    hard:  price < ema_20; rsi_14 < 50; macd_hist < 0
    soft:  price < ema_50 (w0.7); cvd_slope_10 < 0 (w0.3)
    invalidation: [hard] price >= 81350 (intrabar); [soft] rsi_14 > 60 (on_close)

PLAN CREATED  2026-05-12 05:15:00  plan=26f5a648  bias=neutral  regime=side-low  setups=0
  rationale: Price is consolidating near EMAs with low volatility regime and no clear directional momentum. RSI near 50, MACD histogram positive but small, and recent rangebound price action suggest no high-confidence setup. No trade is forced.

PLAN CREATED  2026-05-12 06:15:00  plan=67b230e3  bias=bearish  regime=side-low  setups=1
  rationale: Price is below EMAs (20,50,200) and RSI<50, indicating bearish momentum. Low volatility regime suggests limited upside, while MACD histogram positive but price declining suggests bearish pullback. Recent dump from 82000 to 80661 shows sellers active. Bias bearish.
  setup[1] e5eb8d63  SHORT  size=0.05
    entry_zone: 81180 -> 81250
    take_profit: [80800, 80400]   stop_loss: 81420
    hard:  price <= ema_20; rsi_14 < 50; ema_20 < ema_50
    soft:  macd_hist > 0 (w0.5); volume > 500 (w0.3)
  -> SKIPPED: regime side-low disallows short

PLAN CREATED  2026-05-12 07:15:00  plan=5c1f68f1  bias=bearish  regime=side-low  setups=1
  rationale: Price is trending down, breaking below recent lows and below key EMAs (20, 50). RSI is weak (37.9) indicating bearish momentum. The sideways regime with low volatility supports a potential continuation of the downtrend.
  setup[1] c4e53aab  SHORT  size=0.05
    entry_zone: 80980 -> 81040
    take_profit: [80500, 80100]   stop_loss: 81300
    hard:  price < ema_50; rsi_14 < 40; macd_hist < 0
    soft:  price < ema_20 (w0.7); volume > 1000 (w0.3)
    invalidation: [hard] price >= 81300 (intrabar); [soft] rsi_14 >= 50 (on_close)
  -> SKIPPED: regime side-low disallows short

PLAN CREATED  2026-05-12 08:15:00  plan=6ec87523  bias=bearish  regime=side-low  setups=0
  rationale: RSI at 34.6 is oversold, price below all EMAs (20, 50, 200), MACD negative and histogram deepening, bearish trend in low volatility regime. Recent price action shows consecutive lower highs and lower lows, with CVD slope negative indicating selling pressure. Bias is bearish with overextended downside.

PLAN CREATED  2026-05-12 09:15:00  plan=54d3d47e  bias=bearish  regime=side-low  setups=0
  rationale: BTC is in a downtrend on 15m, below all EMAs, RSI bearish, MACD hist negative, recent lower highs and lower lows. Regime is side-low, so bearish bias.

PLAN CREATED  2026-05-12 10:15:00  plan=3e477055  bias=bearish  regime=side-low  setups=0
  rationale: Price is below all EMAs (20, 50, 200) and RSI is bearish at 35.9. MACD is negative and histogram declining. Trend regime is 'side' but momentum suggests downside continuation. However, risk limits restrict to one position (existing ETHUSDT short) and low volatility regime reduces confidence; hence no new setup.

PLAN CREATED  2026-05-12 11:15:00  plan=2c13533d  bias=bearish  regime=side-low  setups=1
  rationale: Price is below all major EMAs (20, 50, 200), RSI is 35 (in bearish territory), MACD histogram negative and below signal, and recent price action shows a series of lower highs and lower lows on the 15m chart. Regime is side-low volatility, favoring mean reversion but momentum composite is slightly positive, so a limited short setup targeting recent lows is appropriate.
  setup[1] df33da03  SHORT  size=0.03
    entry_zone: 80600 -> 80700
    take_profit: [80300, 80100]   stop_loss: 80850
    hard:  rsi_14 < 40; price < ema_20; price < ema_50
    soft:  macd_hist < 0 (w0.5)
    invalidation: [hard] price > 80900 (intrabar); [soft] rsi_14 crosses_above 50 (on_close)
  -> SKIPPED: regime side-low disallows short

PLAN CREATED  2026-05-12 12:15:00  plan=403cd17f  bias=neutral  regime=side-low  setups=0
  rationale: Price is below both 20 and 50 EMAs, RSI is neutral near 46, trend is sideways, volatility low, no clear momentum directional setup. Risk limits per symbol already occupied by ETH short. No compelling long or short setup meeting min_rr with narrow entry zone.

PLAN CREATED  2026-05-12 13:15:00  plan=e54e2cfa  bias=bearish  regime=side-low  setups=0
  rationale: Price is below all EMAs (20, 50, 200), RSI is weak at 38.9, and recent price action shows a downtrend with lower highs. MACD is negative but histogram turning up suggests some bullish momentum, but overall trend is down. Regime is side-low, so no strong directional bias but leaning bearish.

PLAN CREATED  2026-05-12 14:15:00  plan=8d84e598  bias=bearish  regime=side-low  setups=1
  rationale: Price is below all major EMAs (20, 50, 200) and RSI is below 50, indicating bearish momentum. Recent OHLCV shows lower highs and lower lows, with a breakdown below 80600. Short setup aligns with the trend and low volatility regime.
  setup[1] 228cf018  SHORT  size=0.05
    entry_zone: 80575 -> 80607.3
    take_profit: [80300, 80000]   stop_loss: 80800
    hard:  rsi_14 < 50; ema_20 > price; ema_50 > price; ema_200 > price
    soft:  obv < obv (w0.5); macd_hist < 0 (w0.3); vol_zscore_20 < 1 (w0.2)
    invalidation: [hard] price > 80850 (intrabar); [soft] rsi_14 > 60 (on_close)

PLAN CREATED  2026-05-12 15:15:00  plan=8d5103f0  bias=bearish  regime=side-low  setups=0
  rationale: Price is trending down below all major EMAs, RSI is weak at 34.5, MACD histogram negative and widening, and volume is spiking on the move. Regime is side-low, but the bearish momentum is strong on this 15m timeframe. No setup is proposed because the risk limits allow only one position per symbol (ETHUSDT already open), and for BTCUSDT the entry zone would need to be placed near the current low with a tight stop, but the recent volatility makes a narrow entry zone risky and the reward-to-risk at the worst-case fill would not be favorable.

PLAN CREATED  2026-05-12 16:15:00  plan=d06f9bcd  bias=bearish  regime=side-low  setups=1
  rationale: BTC is in a short-term downtrend with price below all EMAs, RSI below 40, and bearish MACD. Regime is sideways with low volatility. Recent OHLCV shows lower highs and lower lows. A bearish setup targeting a move lower is justified.
  setup[1] 7a56d3a4  SHORT  size=0.05
    entry_zone: 80250 -> 80350
    take_profit: [79900, 79600]   stop_loss: 80550
    hard:  price < ema_20; rsi_14 < 40; price < ema_50
    soft:  macd_hist < 0 (w0.7); price < ema_200 (w0.5)
    invalidation: [hard] price crosses_above ema_20 (on_close)
  -> SKIPPED: regime side-low disallows short

PLAN CREATED  2026-05-12 17:15:00  plan=8ad44e69  bias=neutral  regime=side-low  setups=0
  rationale: Price is oscillating around EMAs, RSI near 50, MACD negative but narrowing, regime side-low. Recent sharp drop with high volume on 16:45 candle suggests selling pressure but subsequent bounce shows support. No clear directional conviction; awaiting confirmation.

PLAN CREATED  2026-05-12 18:15:00  plan=3e6b0388  bias=bearish  regime=side-low  setups=0
  rationale: Price is below all major EMAs (20, 50, 200) on 15m, RSI is neutral but weak, recent price action shows lower highs and lower lows. Regime is side-low trend, low volatility. Indecision but slight bearish bias.

PLAN CREATED  2026-05-12 19:15:00  plan=e7f99556  bias=bullish  regime=side-low  setups=1
  rationale: Price has rebounded from 80143 low, price above ema_20, and macd_hist positive. RSI neutral, but momentum composite strong. Regime side-low suggests range bound, but recent intraday strength suggests long bias.
  setup[1] 31def2a7  LONG  size=0.08
    entry_zone: 80667.9 -> 80750
    take_profit: [81100, 81300]   stop_loss: 80450
    hard:  rsi_14 > 50; close > ema_20; macd_hist > 0
    soft:  momentum_composite > 0.5 (w0.5)
    invalidation: [hard] close < 80450 (intrabar); [soft] rsi_14 < 40 (on_close)
  -> SKIPPED: regime side-low disallows long
  -> SKIPPED: regime side-low disallows long
  -> SKIPPED: regime side-low disallows long

PLAN CREATED  2026-05-12 20:15:00  plan=916bc0ef  bias=neutral  regime=side-low  setups=0
  rationale: Price is hovering near EMAs (20,50) with neutral RSI (~57) and positive MACD histogram but low volume and sideways regime. No clear directional edge; better to wait.

PLAN CREATED  2026-05-12 21:15:00  plan=0143d593  bias=neutral  regime=side-low  setups=0
  rationale: RSI near 50, EMAs flat, low volatility regime, price oscillating in a tight range. No clear directional edge; skip setups.

PLAN CREATED  2026-05-12 22:15:00  plan=811f313c  bias=neutral  regime=side-low  setups=0
  rationale: Price is near ema_20 and ema_50, RSI near 50, trend is sideways, volatility low. No clear directional edge.

PLAN CREATED  2026-05-12 23:15:00  plan=9a65ff98  bias=neutral  regime=side-low  setups=0
  rationale: Price oscillating around EMAs (20,50,200 close together) in low-volatility sideways regime. RSI neutral (51.2). MACD histogram slightly negative. No clear directional momentum. No setup meets risk-reward criteria given narrow entry zone requirement and min_rr of 1.0.

PLAN CREATED  2026-05-13 00:15:00  plan=7d354e6e  bias=neutral  regime=bear-low  setups=0
  rationale: Price is oscillating near the 20 and 50 EMAs with low volatility and neutral RSI. Recent price action shows no clear directional conviction. The bear-low regime suggests caution, but current indicators are mixed. No high-confidence setup meets the risk criteria with a narrow entry zone and sufficient reward-to-risk.

PLAN CREATED  2026-05-13 01:15:00  plan=64cf216f  bias=bullish  regime=bear-low  setups=1
  rationale: Price is above EMAs, RSI bullish at 67.7, MACD histogram positive and increasing, high volume spike with strong close. Recent 15m candles show upward momentum breaking above 80900 resistance.
  setup[1] f976a028  LONG  size=0.05
    entry_zone: 80920 -> 81050
    take_profit: [81400, 81600]   stop_loss: 80700
    hard:  rsi_14 > 50; price > ema_20; price > ema_50; macd_hist > 0
    soft:  vol_zscore_20 > 2 (w0.5); macd_hist > macd_signal (w0.3); momentum_composite > 0.5 (w0.2)
    invalidation: [hard] price <= 80700 (intrabar); [warning] rsi_14 > 80 (on_close)
  -> SKIPPED: regime bear-low disallows long

PLAN CREATED  2026-05-13 02:15:00  plan=9f779ecc  bias=neutral  regime=bear-low  setups=0
  rationale: Price is near the EMA50 and EMA200, with RSI at 66.8 (not overbought but elevated). Recent vol low, trend bear. Momentum composite positive but not extreme. No clear high-confidence setup with adequate RR given the narrow entry zone requirement and bear-low regime.

PLAN CREATED  2026-05-13 03:15:00  plan=01c8c45a  bias=bullish  regime=bear-low  setups=1
  rationale: Price is above 20 and 50 EMAs, RSI is bullish (62.8), MACD histogram positive, and recent price action shows an upswing from 80143 to 81055. Regime is bear-low but momentum is strong; bias is short-term bullish.
  setup[1] ef88b196  LONG  size=0.08
    entry_zone: 80970 -> 81055
    take_profit: [81350, 81500]   stop_loss: 80800
    hard:  price >= 80970; price <= 81055; rsi_14 > 55
    soft:  macd_hist > 0 (w0.5); price > ema_20 (w0.5)
    invalidation: [hard] price <= 80800 (intrabar); [soft] rsi_14 < 50 (on_close)

PLAN CREATED  2026-05-13 04:15:00  plan=953c5046  bias=bullish  regime=bear-low  setups=1
  rationale: Price is above all EMAs (20, 50, 200) and MACD histogram is positive. Recent price action shows a strong upward move from 80300 area to 81175. RSI at 64 shows bullish momentum without being overbought. Despite bear trend regime, short-term momentum favors longs.
  setup[1] 197bbdff  LONG  size=0.05
    entry_zone: 81100 -> 81150
    take_profit: [81450, 81600]   stop_loss: 81000
    hard:  price > ema_20; price > ema_50; price > ema_200; rsi_14 > 50
    soft:  macd_hist > 0 (w0.5); rsi_14 < 70 (w0.3); vol_zscore_20 > -1 (w0.2)
    invalidation: [hard] price < 80900 (on_close)
  -> SKIPPED: regime bear-low disallows long

PLAN CREATED  2026-05-13 05:15:00  plan=4633225d  bias=bullish  regime=bear-low  setups=1
  rationale: Price is above both EMA20 and EMA50, RSI is neutral-bullish above 50, and recent price action shows higher lows and higher highs. The trend in the 15m timeframe appears upward despite the broader bearish regime. Volume has been steady, supporting the move. However, the low volatility regime suggests moves may be gradual.
  setup[1] 2d3c3e5b  LONG  size=0.08
    entry_zone: 81050 -> 81100
    take_profit: [81300, 81450, 81600]   stop_loss: 80950
    hard:  price > ema_20; rsi_14 > 50; macd_hist > 0
    soft:  price > ema_50 (w0.5); obv > price (w0.3)
    invalidation: [hard] price < 80950 (intrabar); [soft] rsi_14 < 55 (on_close)

PLAN CREATED  2026-05-13 06:15:00  plan=8e5bf1f1  bias=neutral  regime=bear-low  setups=0
  rationale: Price consolidating near EMAs, RSI neutral (55.6), MACD histogram negative but flattening, regime bear-low. No clear directional edge. awaiting breakout or confirmed trend.

PLAN CREATED  2026-05-13 07:15:00  plan=cea78500  bias=bearish  regime=bear-low  setups=1
  rationale: Price is below all EMAs (20,50,200), RSI below 50 at 43.96, MACD histogram negative, and regime is bear-low with low volatility. Recent price action shows a rejection from 81200 area and current candle is bearish. Bias is bearish for potential short continuation toward lower support levels.
  setup[1] cb1c67b1  SHORT  size=0.05
    entry_zone: 80880.4 -> 80950
    take_profit: [80600, 80400, 80300]   stop_loss: 81150
    hard:  rsi_14 < 50; price < ema_20; price < ema_50; price < ema_200
    soft:  macd_hist < 0 (w1)
    invalidation: [hard] price > ema_20 (on_close); [warning] rsi_14 > 50 (on_close)
----------------------------------------------------------------------------------------
CONFIRM  2026-05-13 07:15:00  plan=cea78500 setup=cb1c67b1  action=CONFIRM  size_x=1
  price=80880.4  hard_ok=True  soft_score=1
  reason: Price entered short zone, hard rules pass (price below all EMAs, RSI<50), soft rule macd_hist<0 passes, momentum composite positive but not extreme. Entry at low end of zone, close to stop but within risk.
TRADE OPENED  2026-05-13 07:15:00  trade=fc2ba17b  plan=cea78500 setup=cb1c67b1  SHORT @ 80880.4  size=0.05
  -> EXECUTED — rr 1.04
TRADE CLOSED  2026-05-13 08:00:00  trade=fc2ba17b  plan=cea78500  reason=breakeven  pnl=+0.00%

PLAN CREATED  2026-05-13 08:15:00  plan=c76633c8  bias=neutral  regime=bear-low  setups=0
  rationale: RSI near 50, mixed EMAs (20 > 50 but < 200), MACD negative histogram, low volatility regime, price oscillating in a narrow range with no clear breakout. No high-conviction setup with adequate RR at safety margin.

PLAN CREATED  2026-05-13 09:15:00  plan=14fc3dd9  bias=neutral  regime=bear-low  setups=0
  rationale: Price is trading near EMAs (20,50,200) with RSI at 57, indicating no clear directional conviction. The regime is bear-low, but recent price has been oscillating in a range. No high-confidence setup meets risk criteria.

PLAN CREATED  2026-05-13 10:15:00  plan=148d5490  bias=bearish  regime=side-low  setups=0
  rationale: Price closed near the low of the current candle, RSI below 50 (43.9), MACD histogram negative, and price below the 20 EMA (81063.9). The short-term trend appears weak, favoring a bearish bias.

PLAN CREATED  2026-05-13 11:15:00  plan=434ab9dd  bias=bearish  regime=side-low  setups=0
  rationale: Price has broken below the 20, 50, and 200 EMAs, all now acting as resistance near 80923-80926. RSI at 29.8 is deeply oversold, suggesting potential for a bounce, but the momentum composite is negative at -0.0023 and the trend regime is side-low. The recent breakdown from the 80700-81200 range with high volume on the first 15-min bar of the new hour points to bearish continuation. CVD slope is negative (-168), confirming selling pressure. However, risk limits constrain position size to 0.1 max, and with existing ETH short, a new BTC short would exceed the single-symbol rule? Actually BTC is different symbol, so allowed. But caution: RSI oversold could trigger a snap back. So allowed_setups kept empty.

PLAN CREATED  2026-05-13 12:15:00  plan=0f4a64e5  bias=bearish  regime=side-low  setups=1
  rationale: RSI is at 28.57 (oversold), price is below all major EMAs (20, 50, 200), MACD histogram negative and decreasing, and price is making lower lows. Regime is side-low, but recent price action shows a sharp decline with high volume, suggesting bearish momentum. Despite oversold RSI, the trend is down and a short setup is warranted if price retraces to a resistance level.
  setup[1] a08c0366  SHORT  size=0.05
    entry_zone: 80400 -> 80500
    take_profit: [79500, 79000]   stop_loss: 81000
    hard:  rsi_14 < 30; price < ema_20; macd_hist < 0
    soft:  vol_zscore_20 > 1.5 (w0.6); price < ema_50 (w0.4)
    invalidation: [hard] price > 81000 (intrabar); [soft] rsi_14 > 40 (on_close)

PLAN CREATED  2026-05-13 13:15:00  plan=5b53e097  bias=bearish  regime=side-low  setups=1
  rationale: RSI is deeply oversold (28.5) but price is below all EMAs, MACD histogram negative and falling, recent OHLCV shows consistent lower highs and lower lows, and volume spiked on selloffs. The regime is side-low, but momentum is decisively bearish. Setup targets a short continuation with tight stop.
  setup[1] 2b6f83f5  SHORT  size=0.1
    entry_zone: 80105.3 -> 80150
    take_profit: [79500, 79000, 78000]   stop_loss: 80400
    hard:  rsi_14 < 30; price < ema_20; macd_hist < 0
    soft:  price < ema_200 (w0.5); vol_zscore_20 > 0 (w0.3)
    invalidation: [hard] price > 80400 (intrabar); [warning] rsi_14 crosses_above 35 (on_close)
  -> SKIPPED: regime side-low disallows short

PLAN CREATED  2026-05-13 14:15:00  plan=69c3296f  bias=bearish  regime=side-low  setups=1
  rationale: Price is below all key EMAs (20, 50, 200) on the 15m timeframe, RSI is oversold at 30.1, MACD histogram negative and below signal, and recent price action shows sharp declines with increased volume. Regime is side-low but trend is bearish short-term. Risk: reward is favorable for short continuation targeting recent lows, with tight stop above recent structure.
  setup[1] b01fa933  SHORT  size=0.08
    entry_zone: 79819.3 -> 80000
    take_profit: [79000, 78500]   stop_loss: 80300
    hard:  rsi_14 < 35; price < ema_20; price < ema_50; price < ema_200
    soft:  macd_hist < 0 (w0.5); price < 80100 (w0.3)
    invalidation: [hard] price crosses_above 80300 (on_close); [warning] rsi_14 crosses_above 40 (intrabar)
  -> SKIPPED: regime side-low disallows short

PLAN CREATED  2026-05-13 15:15:00  plan=5d206b2a  bias=bearish  regime=side-low  setups=1
  rationale: Price has broken below all major EMAs, RSI deeply oversold (22.6), MACD histogram negative and declining, recent candles show consistent lower lows with high volume spikes, indicating bearish momentum. Regime is side/low vol but momentum is strongly bearish.
  setup[1] 001b7bd8  SHORT  size=0.05
    entry_zone: 79300 -> 79500
    take_profit: [78800, 78300]   stop_loss: 79750
    hard:  price < ema_20; rsi_14 < 30; macd_hist < 0; price crosses_below ema_50
    soft:  obv < obv (w0.6)
    invalidation: [hard] price > 79800 (intrabar)

PLAN CREATED  2026-05-13 16:15:00  plan=d22d760e  bias=bearish  regime=side-low  setups=0
  rationale: Price is below all major EMAs, RSI is deeply oversold at 26.7, MACD histogram is negative and declining, and recent price action shows a sharp downtrend with high volume. Regime is side-low volatility. Oversold conditions suggest caution but the trend is strongly bearish.

PLAN CREATED  2026-05-13 17:15:00  plan=c2258782  bias=bearish  regime=side-low  setups=0
  rationale: Price is below all major EMAs (20, 50, 200) and RSI is at 38, indicating bearish momentum. Recent trend shows lower highs and lower lows, with a side-low regime. MACD is below signal but histogram positive suggests possible short-term bounce, but overall bias remains bearish.

PLAN CREATED  2026-05-13 18:15:00  plan=b0951aca  bias=bullish  regime=side-low  setups=1
  rationale: Price is recovering after a sharp decline, RSI is neutral but above 50, MACD histogram positive. Regime is side-low but recent candles show higher lows and higher highs. Short-term EMAs are sloping up.
  setup[1] 545d8e23  LONG  size=0.1
    entry_zone: 79723.7 -> 79800
    take_profit: [80150, 80500]   stop_loss: 79500
    hard:  rsi_14 > 50; macd_hist > 0
    soft:  close > ema_20 (w0.5); momentum_composite > 0.5 (w0.5)
    invalidation: [hard] price < 79400 (intrabar)
  -> SKIPPED: regime side-low disallows long

PLAN CREATED  2026-05-13 19:15:00  plan=8909cb82  bias=bearish  regime=side-low  setups=1
  rationale: Price is below all EMAs (20, 50, 200) with a bearish cross pattern, RSI below 50 (44.1) indicating bearish momentum, and recent decline with increasing volume suggests downside continuation. Regime is side-low trend with low volatility, but bearish structure dominates.
  setup[1] 3effbc40  SHORT  size=0.1
    entry_zone: 79360 -> 79460
    take_profit: [79000, 78700, 78500]   stop_loss: 79700
    hard:  price < ema_20; price < ema_50; rsi_14 < 50
    soft:  macd_hist > 0 (w0.5); vol_zscore_20 > 0 (w0.3)
    invalidation: [hard] price > ema_200 (on_close); [soft] rsi_14 > 55 (intrabar)
  -> SKIPPED: regime side-low disallows short

PLAN CREATED  2026-05-13 20:15:00  plan=75f510ba  bias=bearish  regime=side-low  setups=0
  rationale: Price is below all EMAs (20, 50, 200), MACD histogram positive but still negative, RSI around neutral, recent downtrend with lower lows, low volatility regime. Bearish bias but no clear high-confidence setup due to low volatility and mixed signals.

PLAN CREATED  2026-05-13 21:15:00  plan=8d2cf105  bias=bearish  regime=side-low  setups=0
  rationale: Price is below all EMAs (20,50,200) and RSI is below 50, indicating bearish momentum. Recent candles show lower highs and lows. Regime is side-low with low volatility, suggesting continuation of downtrend.

PLAN CREATED  2026-05-13 22:15:00  plan=b4c65e5d  bias=bearish  regime=bear-low  setups=0
  rationale: Price is below all EMAs, RSI < 40, and in a bear-low regime. Volume is relatively low, indicating lack of buying interest. The recent bounce from 78753 was weak, and price is consolidating near 79200. Bias is bearish.

PLAN CREATED  2026-05-13 23:15:00  plan=9b677bce  bias=bearish  regime=bear-low  setups=1
  rationale: Price is below all EMAs (20, 50, 200) with RSI 41.5 in bearish territory. Trend is 'bear' and volatility 'low'. Recent OHLCV shows consistent lower highs and lower lows. Macd histogram positive but small, suggesting possible short-term bounce but overall bearish structure.
  setup[1] a85914f1  SHORT  size=0.02
    entry_zone: 79360 -> 79420
    take_profit: [79100, 78900]   stop_loss: 79550
    hard:  price <= ema_20; rsi_14 < 50; price < ema_50
    soft:  macd_hist <= 5 (w1)
    invalidation: [hard] price >= 79600 (on_close)

PLAN CREATED  2026-05-14 00:15:00  plan=3d9804d0  bias=bearish  regime=bear-low  setups=0
  rationale: Trend is bearish, price below EMA200 and EMAs are bearish-aligned. RSI is neutral, but MACD histogram positive suggests slight bullish momentum. However, recent price action shows lower highs and lower lows. Low volatility regime. No clear setup with adequate risk/reward given narrow entry zone and ATR.

PLAN CREATED  2026-05-14 01:15:00  plan=1fb30482  bias=neutral  regime=bear-low  setups=0
  rationale: Price is in a bear regime with low volatility, consolidating near EMAs. RSI is neutral (51.3). MACD histogram is positive but signal line still below zero. No clear directional impetus. Recent price action shows tight range around 79500. No setup with sufficient risk-reward at worst-case fill.

PLAN CREATED  2026-05-14 02:15:00  plan=7c745c30  bias=neutral  regime=bear-low  setups=0
  rationale: Price is near EMA20 and EMA50, MACD histogram positive but signal negative, RSI neutral. Bear trend regime, but recent price action shows consolidation with no clear breakout. Risk-reward for longs is poor due to overhead resistance near 79800 and bear trend; shorts face support near 79200. No clear setup with sufficient RR.

PLAN CREATED  2026-05-14 03:15:00  plan=b0fa3a52  bias=bearish  regime=bear-low  setups=0
  rationale: Price is below all major EMAs (20,50,200) and RSI is bearish at 41.7. MACD histogram is negative and decreasing. The regime is bear-low volatility. Recent OHLCV shows a series of lower highs and lower lows. However, the current price is near recent lows and short-term oversold, so no setup triggers due to unfavorable risk-reward at worst-case fill.

PLAN CREATED  2026-05-14 04:15:00  plan=42471c56  bias=bearish  regime=bear-low  setups=0
  rationale: Price is below EMA_20, EMA_50, EMA_200; regime is bear-low; RSI below 50; recent price action shows lower highs and lower lows. Bias is bearish but no clear setup due to tight volatility and lack of confirmation.

PLAN CREATED  2026-05-14 05:15:00  plan=527df983  bias=neutral  regime=bear-low  setups=0
  rationale: Price in a tight range near EMAs, RSI neutral, MACD hist positive but small, bearish trend on higher timeframe, low volatility, no clear directional edge. Existing ETH position limits new BTC position.

PLAN CREATED  2026-05-14 06:15:00  plan=e40ed345  bias=neutral  regime=bear-low  setups=0
  rationale: Price is trading near EMAs (20/50/200) with RSI at 61, but regime is bear-low and recent downtrend on 30d slope. Price has bounced from lows but faces resistance near 80000. Momentum composite is slightly positive, but no clear edge. Risk-reward setups are not evident without a tight entry zone.

PLAN CREATED  2026-05-14 07:15:00  plan=7a27b57c  bias=bullish  regime=bear-low  setups=1
  rationale: Price bounced from recent lows near 79000, broke above ema_20 and ema_50, RSI at 58 indicating bullish momentum, MACD histogram positive and rising. Volume surged during the rally. Regime is bear-low, but short-term momentum favors upside continuation. Expect pullback to test support near 79600-79700 before moving higher.
  setup[1] 2e658a7e  LONG  size=0.05
    entry_zone: 79650 -> 79700
    take_profit: [80000, 80200]   stop_loss: 79480
    hard:  price >= ema_20; rsi_14 > 50; macd_hist > 0
    soft:  price < ema_200 (w0.5); vol_zscore_20 > -1 (w0.3)
    invalidation: [hard] price < 79400 (on_close)
  -> SKIPPED: regime bear-low disallows long

PLAN CREATED  2026-05-14 08:15:00  plan=f074952f  bias=neutral  regime=bear-low  setups=0
  rationale: Price is oscillating around the EMAs (20,50) with a slight bullish cross but trending below EMA200. RSI at 55 shows no extreme. Recent price action recovered from 78900 to 79800 but failed to hold above 79800. Low volatility and bearish regime suggest caution. No clear setup with adequate RR given narrow entry zone constraints.

PLAN CREATED  2026-05-14 09:15:00  plan=f7c3a03a  bias=neutral  regime=bear-low  setups=0
  rationale: Price is near ema_20 and ema_50, RSI neutral (51.5), MACD histogram slightly negative but crossing up. Regime is bear-low, but recent price action shows consolidation with a slight upward bias. No clear directional signal; risk/reward setups are not sufficiently attractive given narrow entry zones and min_rr requirement.

PLAN CREATED  2026-05-14 10:15:00  plan=e12a0cab  bias=neutral  regime=bear-low  setups=0
  rationale: Price oscillating around EMAs with RSI near 50. MACD slightly bearish. No clear edge. Low volatility regime suggests range-bound behavior.

PLAN CREATED  2026-05-14 11:15:00  plan=99b5a852  bias=bearish  regime=bear-low  setups=1
  rationale: Price is below all EMAs (20, 50, 200), RSI at 38.6 (bearish), MACD histogram negative and falling, and recent price action suggests continued weakness. Volatility is low but price is testing recent lows. A short setup is proposed to capture further downside.
  setup[1] 2bcfc53a  SHORT  size=0.05
    entry_zone: 79300 -> 79350
    take_profit: [78900, 78600]   stop_loss: 79550
    hard:  rsi_14 < 40; price < ema_20; price < ema_50; macd_hist < 0
    soft:  vol_zscore_20 > 1.5 (w0.5); oi_delta_pct_1h < 0 (w0.3)
    invalidation: [hard] price >= 79600 (on_close); [soft] rsi_14 > 50 (on_close)
----------------------------------------------------------------------------------------
CONFIRM  2026-05-14 11:15:00  plan=99b5a852 setup=2bcfc53a  action=CONFIRM  size_x=1
  price=79319.5  hard_ok=True  soft_score=0.625
  reason: Price within entry zone, all hard rules satisfied, soft score 0.625 > 0.5, RSI < 40, MACD hist negative and deepening, volume z-score elevated, OI delta null but not required. Momentum composite positive but moderate, structure intact.
TRADE OPENED  2026-05-14 11:15:00  trade=53f83982  plan=99b5a852 setup=2bcfc53a  SHORT @ 79319.5  size=0.05
  -> EXECUTED — rr 1.82

PLAN CREATED  2026-05-14 12:15:00  plan=095585d3  bias=bearish  regime=bear-low  setups=0
  rationale: Price is below all EMAs (20,50,200), RSI below 50, MACD histogram negative, and regime is bear-low volatility. The recent selloff from 79962 area and inability to reclaim 79500 suggests continued weakness.
TRADE CLOSED  2026-05-14 12:15:00  trade=53f83982  plan=99b5a852  reason=expiry  pnl=-0.08%

PLAN CREATED  2026-05-14 13:15:00  plan=5b780977  bias=bullish  regime=bear-low  setups=0
  rationale: RSI(14) at 62.9 indicates bullish momentum without being overbought. MACD histogram strongly positive, price above EMAs (20,50). Recent pullback to 79200 area found support and price rallied back above 79800. Volume surge supports upside. Regime is bear-low but momentum composite high (0.91). Aim for continuation toward prior highs near 80200.

PLAN CREATED  2026-05-14 14:15:00  plan=40011a3d  bias=bullish  regime=bear-low  setups=0
  rationale: Price is above both EMA20 and EMA50, RSI is 64.7 (not overbought), MACD histogram positive and increasing, momentum composite high. Recent candles show strong upward move with high volume. Although regime is bear-low, short-term momentum is bullish.

PLAN CREATED  2026-05-14 15:15:00  plan=b139548c  bias=bullish  regime=bear-low  setups=0
  rationale: Price has broken above the prior range high near 80000 and is consolidating near 80959, with RSI at 77.8 indicating strong momentum but nearing overbought. MACD histogram is positive and increasing. The regime is bear-low but the short-term breakout suggests a bullish trend continuation. However, RSI is high, so caution is warranted.

PLAN CREATED  2026-05-14 16:15:00  plan=0a50cb20  bias=neutral  regime=bear-low  setups=0
  rationale: Price has rallied sharply from 79000 to 81500, RSI at 83 (overbought), MACD histogram still positive but narrowing, price above all EMAs but trend regime is bear-low. Recent strong momentum warrants caution for longs; overbought RSI suggests potential pullback. No clear short setup due to uptrend strength. Waiting for better risk-reward.

PLAN CREATED  2026-05-14 17:15:00  plan=0ad46f2c  bias=bearish  regime=bear-low  setups=1
  rationale: Price rallied sharply into resistance near 81999, but rejected and closed back near 81420, still below ema_20 (80845) which is below ema_50 (80259) — bearish alignment. RSI at 69 is nearing overbought, and the regime is bear-low (bearish trend, low volatility). CVD slope positive but not confirming strong buying. Likely a short opportunity on a retrace.
  setup[1] a158ea6d  SHORT  size=0.08
    entry_zone: 81650 -> 81850
    take_profit: [80800, 80200]   stop_loss: 82200
    hard:  rsi_14 > 65; price < ema_20; ema_20 < ema_50
    soft:  momentum_composite < 0.5 (w0.3); macd_hist < 0 (w0.4)
    invalidation: [hard] price >= 82200 (intrabar); [soft] rsi_14 >= 80 (on_close)

PLAN CREATED  2026-05-14 18:15:00  plan=e465a206  bias=neutral  regime=bear-low  setups=0
  rationale: RSI is overbought (74.35) after a strong rally from 79200 to 81800, but trend is bearish according to regime and ema slopes. Low volatility regime suggests range-bound behavior. No clear entry with favorable risk-reward given overbought condition and bear trend resistance. Await pullback or confirmation.

PLAN CREATED  2026-05-14 19:15:00  plan=544e1522  bias=neutral  regime=bear-low  setups=0
  rationale: Price is above 20, 50, 200 EMAs, uptrend momentum, but RSI neutral and MACD histogram negative. Regime is bear-low, and recent volatility is low. Low conviction for directional bias.

PLAN CREATED  2026-05-14 20:15:00  plan=a45c192a  bias=bullish  regime=bear-low  setups=1
  rationale: Price is above all EMAs, with EMA_20 > EMA_50 indicating bullish alignment. RSI at 53.5 is neutral but not overbought. Recent OHLCV shows a strong upward move from 79500 to 81500 with high volume. Regime is bear-low, but price action suggests short-term momentum. Low volatility and bullish trend on this timeframe support a long bias.
  setup[1] 46a6f147  LONG  size=0.08
    entry_zone: 81200 -> 81300
    take_profit: [81750, 82000]   stop_loss: 80950
    hard:  price > ema_20; ema_20 > ema_50
    soft:  rsi_14 > 50 (w0.5); macd_hist > 0 (w0.5)
    invalidation: [hard] price < 80950 (intrabar); [soft] rsi_14 < 40 (on_close)

PLAN CREATED  2026-05-14 21:15:00  plan=8830040e  bias=neutral  regime=side-low  setups=0
  rationale: RSI near 57, EMAs flat in a narrow range, regime side-low, recent price consolidating around 81400. No clear directional catalyst; avoid forcing a trade.

PLAN CREATED  2026-05-14 22:15:00  plan=df3fb8ae  bias=neutral  regime=side-low  setups=0
  rationale: Market is in side-low regime; price near EMAs with RSI neutral; no clear directional conviction. No high-confidence setup with adequate RR at worst-case fill.

PLAN CREATED  2026-05-14 23:15:00  plan=6e716dfb  bias=neutral  regime=side-low  setups=0
  rationale: Price near EMAs, RSI neutral, MACD histogram negative but converging, low volatility side regime. No clear directional edge; awaiting breakout or stronger signal.

PLAN CREATED  2026-05-15 00:15:00  plan=32a9bdf8  bias=neutral  regime=side-low  setups=0
  rationale: The market is in a side-low regime with low volatility. RSI is neutral (54.6), price is above EMAs (20, 50, 200) indicating a mild uptrend, but recent price action shows consolidation around 81400 after a spike. The MACD histogram is negative, suggesting waning momentum. Risk limits allow small positions, but the setup is unclear with low conviction. No trade is proposed.

PLAN CREATED  2026-05-15 01:15:00  plan=e79ef8ca  bias=neutral  regime=side-low  setups=0
  rationale: RSI near 50, price hovering around EMA20 and EMA50, low volatility regime, no strong directional conviction. No setup meets minimum RR at worst-case fill.

PLAN CREATED  2026-05-15 02:15:00  plan=4ee91473  bias=bearish  regime=side-low  setups=0
  rationale: RSI is below 40 at 38.58, MACD histogram negative and diverging, price recently dropped sharply from prior highs, and regime is side-low with low volatility. The trend is unclear but momentum is bearish short-term. However, given the side regime and low volatility, no clear high-confidence setup meets the minimum RR at worst-case fill with narrow entry zone. Thus, no setup is proposed.

PLAN CREATED  2026-05-15 03:15:00  plan=6d8a04a3  bias=neutral  regime=bull-low  setups=0
  rationale: Price is hovering near EMAs with RSI ~50, MACD histogram negative but narrowing, low volatility regime. No clear edge for a directional setup; waiting for confirmation.

PLAN CREATED  2026-05-15 04:15:00  plan=aeaa2e41  bias=bearish  regime=bull-low  setups=0
  rationale: Price is below all EMAs (20, 50, 200) and RSI at 40.7 indicates bearish momentum. MACD is negative and histogram decreasing. Recent price action shows lower highs and lower lows. Regime is bullish-low vol but short-term trend is down. However, risk limits allow only one position per symbol and ETHUSDT is open, so no new setups for BTCUSDT.

PLAN CREATED  2026-05-15 05:15:00  plan=1a8872b9  bias=bearish  regime=bull-low  setups=0
  rationale: Price is below EMAs (20,50,200), RSI 14 at 39.8 (bearish), MACD histogram negative, recent lower lows. Regime is bull-low but short-term momentum bearish. However, risk_limits.min_rr=1.0 allows low RR; still, entry zone tightness and risk management suggest no clear setup with sufficient buffer.

PLAN CREATED  2026-05-15 06:15:00  plan=ff885c34  bias=bearish  regime=bull-low  setups=1
  rationale: RSI is below 40, price is below all EMAs (20, 50, 200), MACD histogram is negative and decreasing, and recent price action shows a series of lower highs and lower lows. The trend is bearish with low volatility, favoring continuation.
  setup[1] 7fc88e3a  SHORT  size=0.08
    entry_zone: 80873 -> 80950
    take_profit: [80000, 79500]   stop_loss: 81350
    hard:  rsi_14 < 40; price < ema_20; macd_hist < 0
    soft:  price < ema_50 (w1); price < ema_200 (w0.5); vol_zscore_20 < 0 (w0.3)
    invalidation: [hard] rsi_14 > 50 (on_close); [warning] price > ema_20 (on_close)

PLAN CREATED  2026-05-15 07:15:00  plan=3352a3ad  bias=neutral  regime=bull-low  setups=0
  rationale: Price is oscillating around EMAs, RSI neutral, MACD histogram positive but fading, recent spike down to 80266 with quick recovery shows support but no clear direction. Regime is bull-low volatility, suggesting mean reversion, but no clear setup with favorable risk:reward.

PLAN CREATED  2026-05-15 08:15:00  plan=7a0df963  bias=bearish  regime=bull-low  setups=1
  rationale: RSI below 40 and price below both EMA20 and EMA50, with recent breakdown from 80800-81400 range. MACD histogram positive but weak. Volatility low, bearish regime favors shorts.
  setup[1] 03ff7175  SHORT  size=0.08
    entry_zone: 80450 -> 80550
    take_profit: [80000, 79600]   stop_loss: 80800
    hard:  rsi_14 < 45; price < ema_20; price < ema_50
    soft:  macd_hist < 0 (w0.5); volume > 1500 (w0.3)
    invalidation: [hard] price >= 80800 (intrabar); [soft] rsi_14 >= 50 (on_close)

PLAN CREATED  2026-05-15 09:15:00  plan=7f278653  bias=bearish  regime=bull-low  setups=1
  rationale: Price is below EMA_50 and EMA_20, RSI at 42 (bearish territory), recent price action shows rejection at 81100-81400 resistance zone leading to a decline below 80500. Regime is bullish but momentum composite is low, and CVD slope is negative (selling pressure). The short-term structure suggests further downside towards support near 80200-80300.
  setup[1] 5ebcac67  SHORT  size=0.1
    entry_zone: 80535 -> 80600
    take_profit: [80200, 80000, 79800]   stop_loss: 80750
    hard:  rsi_14 < 50; price < ema_20; price < ema_50
    soft:  macd_hist > 0 (w0.3); vol_zscore_20 < 0 (w0.2)
    invalidation: [hard] price >= 80800 (intrabar); [warning] rsi_14 >= 60 (on_close)
  -> SKIPPED: regime bull-low disallows short
  -> SKIPPED: regime bull-low disallows short

PLAN CREATED  2026-05-15 10:15:00  plan=b65cff30  bias=bearish  regime=bull-low  setups=1
  rationale: Price is below both EMA_20 and EMA_50, RSI_14 below 50, and recent momentum suggests continued weakness. Regime is bull-low but short-term structure is bearish.
  setup[1] 2e7b8124  SHORT  size=0.02
    entry_zone: 80490 -> 80540
    take_profit: [80200, 80000]   stop_loss: 80750
    hard:  price < ema_20; rsi_14 < 50
    invalidation: [hard] price > 80750 (intrabar)

PLAN CREATED  2026-05-15 11:15:00  plan=3ec887fd  bias=bearish  regime=bull-low  setups=1
  rationale: BTC has been in a downtrend over the last 24 hours with lower highs and lower lows. RSI is neutral but below 50, and price is below both 20 and 50 EMAs. Volatility is low in a bearish trend, suggesting potential continuation. The rally in the previous candle was sold into, and the current candle is red.
  setup[1] 52e37741  SHORT  size=0.05
    entry_zone: 80550 -> 80600
    take_profit: [80300, 80100]   stop_loss: 80750
    hard:  rsi_14 < 50; price < ema_20; price < ema_50
    soft:  macd_hist < 0 (w0.5)
    invalidation: [hard] price > stop_loss (intrabar)

PLAN CREATED  2026-05-15 12:15:00  plan=05a3a1fb  bias=neutral  regime=bull-low  setups=0
  rationale: BTC is consolidating in a tight range near 80500 after a recent pullback from 81600. RSI is neutral at 45, price is around the 20/50/200 EMAs, and MACD hist is slightly positive but small. Regime is bull-low volatility, but momentum is mixed. No clear high-confidence setup, so no setups are proposed.

PLAN CREATED  2026-05-15 13:15:00  plan=a4a4e6e8  bias=bearish  regime=bull-low  setups=1
  rationale: Price is in a clear downtrend, breaking below key EMAs (20,50,200) and RSI is deeply oversold at 30.4. MACD histogram is negative and widening, and the most recent 15m candle closed near the low with a volume surge (2627). Bears are in control. However, RSI oversold suggests a possible bounce, but the momentum continues down.
  setup[1] 670948f0  SHORT  size=0.08
    entry_zone: 79968 -> 79980
    take_profit: [79500, 79000]   stop_loss: 80250
    hard:  price < ema_20; price < ema_50; price < ema_200; macd_hist < 0
    soft:  rsi_14 < 30 (w0.6)
    invalidation: [hard] price > 80250 (intrabar); [soft] rsi_14 crosses_above 40 (on_close)

PLAN CREATED  2026-05-15 14:15:00  plan=9a114c78  bias=bearish  regime=bull-low  setups=1
  rationale: RSI is deeply oversold at 28.8, price is below all EMAs (20, 50, 200), and momentum is negative. Recent sharp selloff with high volume suggests continued downside. However, oversold conditions caution against aggressive shorts, so we look for a measured short with tight risk management.
  setup[1] 2efa7c3c  SHORT  size=0.03
    entry_zone: 79000 -> 79100
    take_profit: [78000, 77500]   stop_loss: 79400
    hard:  rsi_14 < 30; price < ema_20; price < ema_50
    soft:  macd_hist < 0 (w0.5)
    invalidation: [hard] price > 79450 (intrabar); [soft] rsi_14 > 35 (on_close)
  -> SKIPPED: regime bull-low disallows short

PLAN CREATED  2026-05-15 15:15:00  plan=def4550b  bias=bearish  regime=bull-low  setups=0
  rationale: Price is below all major EMAs (20, 50, 200), RSI is below 30 (oversold but bearish), and MACD histogram is negative and decreasing. The trend is bearish despite being in a 'bull-low' regime from broader timeframe; short-term momentum is clearly down. After a sharp decline, price may consolidate, but the path of least resistance is lower.

PLAN CREATED  2026-05-15 16:15:00  plan=f702b3ee  bias=bearish  regime=bull-low  setups=1
  rationale: Price is below all EMAs, RSI is bearish, and recent sharp selloff suggests continued downward pressure in a bull-low regime.
  setup[1] 4c766560  SHORT  size=0.1
    entry_zone: 79250 -> 79350
    take_profit: [78300, 77400]   stop_loss: 79900
    hard:  price < ema_20; price < ema_50; rsi_14 < 50
    soft:  macd_hist < 0 (w0.5)
    invalidation: [hard] price > ema_200 (intrabar)

PLAN CREATED  2026-05-15 17:15:00  plan=77b03873  bias=neutral  regime=bull-low  setups=0
  rationale: Price is below all EMAs, RSI below 50, but MACD histogram positive and momentum composite above 0.5. Recent sharp drop suggests bearish momentum, but market is in bull-low regime. Risk/reward unclear for a setup.

PLAN CREATED  2026-05-15 18:15:00  plan=a93b89cb  bias=bearish  regime=bull-low  setups=0
  rationale: Price is below all major EMAs (20, 50, 200) and RSI is bearish at 40.3. Recent sharp selloff with high volume (14.8k at 13:30) indicates strong selling pressure. Rally attempts have been shallow, suggesting a continuation lower. Bias is bearish, but no setup is triggered as the market is in a potential consolidation/retest phase and reward-to-risk is not favorable.

PLAN CREATED  2026-05-15 19:15:00  plan=a3ced2b2  bias=bearish  regime=side-low  setups=1
  rationale: Price is below all EMAs (20, 50, 200) with bearish alignment; RSI 36.9 in bearish territory; MACD histogram positive but signal and MACD line still negative; trend regime is side-low volatility, but recent sharp drop suggests bearish momentum; price consolidating near 79000 after large sell-off, potential for continued downside.
  setup[1] 97ebbcf7  SHORT  size=0.05
    entry_zone: 79044 -> 79130
    take_profit: [78400, 78000]   stop_loss: 79300
    hard:  price < ema_20; price < ema_50; price < ema_200; rsi_14 < 50
    soft:  macd_hist > 0 (w0.5); vol_zscore_20 < -0.5 (w0.3)
    invalidation: [hard] price > 79300 (intrabar)
  -> SKIPPED: regime side-low disallows short
  -> SKIPPED: regime side-low disallows short
  -> SKIPPED: regime side-low disallows short
  -> SKIPPED: regime side-low disallows short

PLAN CREATED  2026-05-15 20:15:00  plan=3e8baff1  bias=bearish  regime=side-low  setups=0
  rationale: Price is below all EMAs (20,50,200) with RSI 39.66 indicating bearish momentum. Regime is side-low volatility, but recent selloff from 80K+ to 79K suggests downside continuation. CVD slope 10 is negative, confirming distribution. However, risk limits allow only one position per symbol and ETH short already exists. No BTC setup proposed due to overlapping constraints and unclear RR.

PLAN CREATED  2026-05-15 21:15:00  plan=dbff1318  bias=bearish  regime=side-low  setups=0
  rationale: Price is below all EMAs, RSI<40 indicates bearish momentum, MACD histogram positive but low. Regime side-low suggests range-bound with bearish tilt. Volume declining on recent candles, no strong reversal signal. Bias bearish but lack of clear entry trigger; wait for break or retest.

PLAN CREATED  2026-05-15 22:15:00  plan=5a2eff92  bias=bearish  regime=side-low  setups=0
  rationale: Price is below all major EMAs (20, 50, 200) with RSI below 50 (41.13), MACD histogram positive but still below zero, and recent price action shows a steep decline from 80k to 79k. The regime is side-low with low volatility, suggesting limited directional strength but a bearish tilt. CVD slope is negative, indicating selling pressure. No setup meets the risk-reward criteria with the required narrow entry zone and min_rr buffer, so allowed_setups is empty.

PLAN CREATED  2026-05-15 23:15:00  plan=ad1545d5  bias=bearish  regime=side-low  setups=1
  rationale: Price is below all major EMAs (20,50,200) and RSI is below 50, indicating bearish momentum. Regime is side-low, but recent break below 79000 suggests bearish bias. However, price is consolidating near recent lows, so we wait for a breakdown to confirm.
  setup[1] d59cb55c  SHORT  size=0.05
    entry_zone: 79070 -> 79075.6
    take_profit: [78500, 78000]   stop_loss: 79200
    hard:  close < ema_20; rsi_14 < 50; close < ema_50
    soft:  macd_hist < 0 (w0.5); cvd_slope_10 < 0 (w0.3)
    invalidation: [hard] close > 79200 (intrabar); [warning] rsi_14 > 60 (on_close)

PLAN CREATED  2026-05-16 00:15:00  plan=ac716611  bias=neutral  regime=bear-low  setups=0
  rationale: Price is consolidating in a tight range around 79100-79300 after a sharp drop from 80500. RSI is near 50, MACD histogram slightly positive, but trend is bearish (EMA50<EMA200) and low volatility regime suggests no strong directional impetus. No clear high-RR setup visible.

PLAN CREATED  2026-05-16 01:15:00  plan=84e48c4b  bias=bearish  regime=bear-low  setups=0
  rationale: Price is below all EMAs, RSI bearish, MACD negative but histogram rising, regime bear-low, suggesting continued bearish momentum with potential short-term bounce. No clear setup meeting min RR at worst-case fill, so no setups.

PLAN CREATED  2026-05-16 02:15:00  plan=f46ff9be  bias=neutral  regime=bear-low  setups=0
  rationale: RSI near 50, price below both EMAs (20, 50, 200) indicating bearish trend but low volatility regime and mixed signals. No clear high-confidence setup with reward:risk above min_rr of 1.0 while maintaining narrow entry zone.

PLAN CREATED  2026-05-16 03:15:00  plan=940f13bd  bias=neutral  regime=bear-low  setups=0
  rationale: Bearish regime (bear-low volatility) but price consolidating near EMAs, RSI neutral at 51.6, MACD hist positive but small. No clear directional edge.

PLAN CREATED  2026-05-16 04:15:00  plan=8b44d225  bias=bearish  regime=bear-low  setups=0
  rationale: Price is below EMAs (20, 50, 200) with bearish regime. RSI below 50, MACD histogram negative. Recent price action shows lower highs and lower lows. Low volatility regime suggests cautious entries.

PLAN CREATED  2026-05-16 05:15:00  plan=4926f6c5  bias=bearish  regime=bear-low  setups=1
  rationale: Price is below all major EMAs (20, 50, 200) with a bear regime. RSI at 42 shows weak momentum. MACD histogram negative and declining. Recent 15m data shows repeated failures above 79100 and a drop below 79000, confirming bearish bias. A short setup is considered only if risk/reward criteria can be met with a narrow entry zone.
  setup[1] 0f727bb8  SHORT  size=0.08
    entry_zone: 79040 -> 79060
    take_profit: [78850, 78750]   stop_loss: 79150
    hard:  close < ema_20; rsi_14 < 50; macd_hist < 0
    soft:  price crosses_below ema_50 (w0.5); vol_zscore_20 < -0.5 (w0.3)
    invalidation: [hard] close > 79160 (on_close); [soft] rsi_14 > 60 (on_close)

PLAN CREATED  2026-05-16 06:15:00  plan=bc4cc000  bias=bearish  regime=bear-low  setups=0
  rationale: Price is below all major EMAs (20, 50, 200), RSI is oversold (30.6) but bear momentum continues with MACD histogram negative and declining. Regime is bear-low, recent price action is making lower lows under resistance near 79100. A short with tight stop and wide target offers favorable risk-reward.

PLAN CREATED  2026-05-16 07:15:00  plan=8a3b2813  bias=bearish  regime=bear-low  setups=0
  rationale: Price is below all EMAs, RSI is oversold (29.76), MACD histogram negative and decreasing, and recent OHLCV shows a sharp decline with high volume. The bear-low regime supports bearish bias. Oversold RSI suggests caution, but trend is strongly bearish.

PLAN CREATED  2026-05-16 08:15:00  plan=896fc8c1  bias=bearish  regime=bear-low  setups=0
  rationale: Price is below all EMAs, RSI 14 is low (31), MACD histogram negative, bearish regime with recent sharp decline from 79k to 78k zone. Bias remains bearish.

PLAN CREATED  2026-05-16 09:15:00  plan=f938d782  bias=bearish  regime=bear-low  setups=0
  rationale: Price is below all key EMAs (20,50,200), RSI at 24 (oversold but not yet reversing), MACD histogram negative and decreasing, regime is bear-low, recent sharp drop suggests continued downside pressure. However, oversold RSI may slow further decline. Bias is bearish but no clear setup due to potential bounce from oversold conditions.

PLAN CREATED  2026-05-16 10:15:00  plan=13a274b7  bias=bearish  regime=bear-low  setups=0
  rationale: Price is trading below all major EMAs (20, 50, 200), RSI is deeply oversold at 20.96, MACD histogram is negative and declining, and the trend is bear with low volatility. Recent candles show a strong selloff from 79000 to 77700. The momentum composite is negative. Despite oversold RSI, the structure is bearish.

PLAN CREATED  2026-05-16 11:15:00  plan=de0ff91e  bias=bearish  regime=bear-low  setups=0
  rationale: Price is below all key EMAs (20, 50, 200) indicating bearish trend. RSI at 40 suggests bearish momentum. Recent sharp selloffs with high volume confirm bearish pressure. MACD histogram positive but small, with MACD line below signal, indicating weak bullish crossover. CVD slope negative suggests selling pressure. Regime is bear-low vol, supporting a bearish bias.

PLAN CREATED  2026-05-16 12:15:00  plan=a00f49ba  bias=bearish  regime=bear-low  setups=0
  rationale: BTC is in a bear trend, below all EMAs (20,50,200), RSI 35.9 (oversold but still bearish), recent price action shows lower highs, and CVD slope negative indicating selling pressure. The price is near recent lows with volatility low, suggesting potential for continuation or consolidation.

PLAN CREATED  2026-05-16 13:15:00  plan=8aa6976c  bias=bearish  regime=bear-low  setups=0
  rationale: BTC is in a bear regime with price below all EMAs, RSI below 40, and recent downward momentum. CVD slope positive but not enough to reverse bearish stance. No clear long setup meets risk-return criteria; waiting for better conditions.

PLAN CREATED  2026-05-16 14:15:00  plan=2faaeffa  bias=bearish  regime=bear-low  setups=0
  rationale: Price is below all EMAs (20, 50, 200) in a bear-low regime with RSI below 50, indicating bearish momentum. Volume is low, and recent price action shows failed rallies, suggesting continuation of downtrend. However, without a clear confirmed setup at this moment, no trade is activated.

PLAN CREATED  2026-05-16 15:15:00  plan=19e67fa9  bias=neutral  regime=bear-low  setups=0
  rationale: Price is oscillating in a bearish trend regime (regime trend='bear', volatility='low') with RSI near 50, indicating no clear momentum. MACD histogram is positive but small, and price is below all EMAs (20, 50, 200). Recent OHLCV shows a drop from 79k+ to 78k range with some consolidation. No strong setup that meets risk/return criteria confidently.

PLAN CREATED  2026-05-16 16:15:00  plan=0f9e2a07  bias=neutral  regime=bear-low  setups=0
  rationale: Price is below all key EMAs (20, 50, 200) indicating bearish trend, but RSI is neutral (56) and the regime is bear-low. Recent price action shows a bounce from 78000 support but no clear breakout. No high-confidence setup with min_rr=1.0 and narrow entry zone, so no setups proposed.

PLAN CREATED  2026-05-16 17:15:00  plan=74e4959f  bias=neutral  regime=bear-low  setups=0
  rationale: Regime is bearish with low volatility; price is near ema_20 and ema_50 but below ema_200. RSI at 55.6 is neutral. MACD histogram positive but converging. No clear directional signal. No trades suggested.

PLAN CREATED  2026-05-16 18:15:00  plan=5ae898dc  bias=neutral  regime=bear-low  setups=0
  rationale: Regime is bear-low, RSI near 50, price below all EMAs, but recent price stabilization around 78170 and MACD histogram positive suggests a potential bounce. However, low volatility and lack of clear momentum discourage a directional setup. No favorable risk-reward setup with current conditions.

PLAN CREATED  2026-05-16 19:15:00  plan=4e5fc5e1  bias=neutral  regime=bear-low  setups=0
  rationale: Price is hovering near the 20 and 50 EMAs (78174, 78269) with RSI 55.5, indicating no clear directional momentum. Regime is bear-low, but recent price action shows a tight range. Low volume and low volatility suggest waiting for a breakout. No setup meets min RR with narrow entry zone.

PLAN CREATED  2026-05-16 20:15:00  plan=4ae425ee  bias=neutral  regime=bear-low  setups=0
  rationale: Price is consolidating just above EMA20 and EMA50, RSI neutral, MACD histogram positive but small. Low volatility regime and no clear breakout. No favorable risk/reward opportunity meeting min_rr or entry zone constraints.

PLAN CREATED  2026-05-16 21:15:00  plan=57618aa4  bias=neutral  regime=bear-low  setups=0
  rationale: Price is consolidating near the 20 and 50 EMAs, RSI is neutral, MACD histogram small positive. Regime is bear-low volatility. No clear directional setup with favorable risk-reward. Waiting for breakout or better conditions.

PLAN CREATED  2026-05-16 22:15:00  plan=1cf29b78  bias=neutral  regime=bear-low  setups=0
  rationale: RSI near 50, price between EMA20 and EMA50, MACD histogram slightly negative indicating weak momentum. Regime is bear-low volatility. No clear directional setup meets min RR with a narrow entry zone. Waiting for clearer conditions.

PLAN CREATED  2026-05-16 23:15:00  plan=8df06a8c  bias=neutral  regime=bear-low  setups=0
  rationale: RSI neutral near 50, price near both EMAs (20 and 50), MACD histogram negative but narrowing, low volatility regime, no clear directional edge. Trend is bearish but price has been consolidating in a narrow range. Insufficient signals for a high-confidence setup.

PLAN CREATED  2026-05-17 00:15:00  plan=24c622d2  bias=neutral  regime=bear-low  setups=0
  rationale: Regime is bear-low with price below all EMAs, but RSI is near 50 and MACD histogram negative but narrowing. Bearish trend suggests caution, but no clear entry signal. Allowed setups left empty to avoid forcing trades.

PLAN CREATED  2026-05-17 01:15:00  plan=68131137  bias=bearish  regime=bear-low  setups=1
  rationale: Price is trading below all EMAs (20,50,200) on 15m, RSI is bearish at 36.28, MACD histogram negative, and the regime is bear-low. Recent sharp drop from 78106 to 77760 area with high volume suggests selling pressure. Bias is bearish.
  setup[1] be82b100  SHORT  size=0.05
    entry_zone: 77949.9 -> 77980
    take_profit: [77600, 77400]   stop_loss: 78100
    hard:  price < ema_20; rsi_14 < 40; macd_hist < 0
    soft:  vol_zscore_20 > 0.5 (w0.7); momentum_composite < 0 (w0.5)
    invalidation: [hard] price >= 78150 (intrabar); [soft] rsi_14 >= 50 (on_close)

PLAN CREATED  2026-05-17 02:15:00  plan=1167f3e0  bias=bearish  regime=bear-low  setups=0
  rationale: Price is below all EMAs (20, 50, 200), RSI < 40, MACD histogram negative, regime is bear-low volatility, and recent price action shows a breakdown. However, given the low volatility and neutral momentum composite, a clear short setup is not present; the best setup (bounce rejection) has insufficient reward:risk at worst-case fill. Hence no trades.

PLAN CREATED  2026-05-17 03:15:00  plan=2dee1908  bias=neutral  regime=bear-low  setups=0
  rationale: The market is in a low volatility bear regime. RSI is near 50, price is stuck between EMAs (20/50/200), and recent range is tight. No clear directional edge. Waiting for breakout or clearer signal.

PLAN CREATED  2026-05-17 04:15:00  plan=d77f5a32  bias=neutral  regime=bear-low  setups=0
  rationale: Market is in a bear-low regime with low volatility, price below all EMAs, but RSI neutral and a bullish MACD crossover. No clear directional edge; avoid forcing a trade.

PLAN CREATED  2026-05-17 05:15:00  plan=a6ec40c5  bias=neutral  regime=bear-low  setups=0
  rationale: Price is near a short-term recovery from a sharp drop, RSI is neutral, momentum composite positive but volume is low and volatility is low; no clear entry with sufficient RR buffer given narrow range.

PLAN CREATED  2026-05-17 06:15:00  plan=4a3cbc65  bias=neutral  regime=bear-low  setups=0
  rationale: BTC is in a bear regime with low volatility. Price is near the 20 and 50 EMAs, RSI is neutral near 50. The recent sharp drop and recovery suggest a range-bound consolidation. No clear high-conviction setup meeting RR criteria with a narrow entry zone. Await better confirmation.

PLAN CREATED  2026-05-17 07:15:00  plan=e24fd5b3  bias=neutral  regime=bear-low  setups=0
  rationale: Price is consolidating near EMA20 and EMA50 with RSI neutral. Recent sharp drop and recovery suggest indecision. Regime is bearish-low volatility, no clear directional edge. Allow setups only if a clear risk-reward with narrow entry zone exists.

PLAN CREATED  2026-05-17 08:15:00  plan=ba099844  bias=neutral  regime=bear-low  setups=0
  rationale: Price is near EMAs (20, 50) but below EMA200; RSI ~47, MACD slightly positive, volume low, regime bear-low. No clear directional edge.

PLAN CREATED  2026-05-17 09:15:00  plan=ec2bedae  bias=neutral  regime=bear-low  setups=0
  rationale: BTC is in a bear regime with low volatility, price hovering near EMAs, RSI neutral, no strong momentum or volume confirmation. No clear setup with sufficient reward-to-risk.

PLAN CREATED  2026-05-17 10:15:00  plan=d611d70d  bias=bullish  regime=bear-low  setups=0
  rationale: RSI is overbought at 72.6, but price has broken above both EMA20 and EMA50, indicating strong momentum. Volume is elevated, and recent price action shows a sharp upward move from the 78000 zone. The regime is bear-low, but the short-term momentum overpowers. Consider a long setup with tight stop to capture continuation, but due to overbought RSI, limited upside potential.

PLAN CREATED  2026-05-17 11:15:00  plan=10466c59  bias=bullish  regime=bear-low  setups=1
  rationale: BTC has broken above yesterday's range with a bullish impulse, RSI > 50, MACD positive, and price above both EMA20 and EMA50. Volume spike at 10:00 and 10:15 suggests buying pressure. Despite bearish macro trend, short-term momentum is bullish for a retracement towards EMA200 resistance.
  setup[1] 51fcb679  LONG  size=0.1
    entry_zone: 78300 -> 78320
    take_profit: [78800, 79000]   stop_loss: 78100
    hard:  price > ema_20; price > ema_50; rsi_14 > 50; macd_hist > 0
    soft:  price > ema_200 (w0.3)
    invalidation: [hard] price < 78000 (intrabar)

PLAN CREATED  2026-05-17 12:15:00  plan=6bb0a2dd  bias=neutral  regime=bear-low  setups=0
  rationale: Price is near EMA20 and EMA50 but below EMA200, RSI at 62, MACD histogram positive but small, volume and volatility low. Recent uptrend from lows but no clear breakout or strong momentum. Bear-low regime suggests caution. No setup meets risk criteria with narrow entry and sufficient RR given worst-case fill.

PLAN CREATED  2026-05-17 13:15:00  plan=fbf5b7ff  bias=neutral  regime=bear-low  setups=0
  rationale: Price is near EMA20 and EMA50, RSI neutral, MACD histogram negative but flattening. Regime is bear-low volatility. No clear directional edge for a high-confidence setup.

PLAN CREATED  2026-05-17 14:15:00  plan=d43eb246  bias=neutral  regime=bear-low  setups=0
  rationale: RSI is bearish but near oversold, price below all EMAs, trend is bear but low vol. Recent price action shows a rejection at 78500 and decline. No clear setup with favorable RR.

PLAN CREATED  2026-05-17 15:15:00  plan=4d71805d  bias=bearish  regime=bear-low  setups=1
  rationale: Price is below all major EMAs (20, 50, 200) and RSI is bearish at 36.04. MACD histogram is deeply negative. The regime is bear-low with low volatility. Recent candles show a rejection near 78050 and selling pressure. Bias is bearish with potential short setups.
  setup[1] b361929d  SHORT  size=0.1
    entry_zone: 77950 -> 78010
    take_profit: [77650, 77500]   stop_loss: 78150
    hard:  rsi_14 < 50; price < ema_20; price < ema_50
    soft:  macd_hist < 0 (w1); pr_momentum < 0.5 (w0.5)
    invalidation: [hard] price > 78150 (on_close)
----------------------------------------------------------------------------------------
CONFIRM  2026-05-17 15:15:00  plan=4d71805d setup=b361929d  action=CONFIRM  size_x=1
  price=77950.1  hard_ok=True  soft_score=1
  reason: All hard rules met (rsi_14 < 50, price below both EMAs). Soft score is 1.0, indicating strong conviction. Price is near zone low, macd_hist deeply negative, momentum weak. Setup intact.
TRADE OPENED  2026-05-17 15:15:00  trade=b161f854  plan=4d71805d setup=b361929d  SHORT @ 77950.1  size=0.1
  -> EXECUTED — rr 1.50

PLAN CREATED  2026-05-17 16:15:00  plan=9d9e835b  bias=neutral  regime=bear-low  setups=0
  rationale: BTC is in a bear-low regime with low volatility and bear trend. RSI near 50 suggests indecision. Price is below 200 EMA but above 20 and 50 EMAs, indicating short-term bullish momentum but long-term bearish. CVD slope negative points to distribution. No clear high-confidence setup.
TRADE CLOSED  2026-05-17 16:15:00  trade=b161f854  plan=4d71805d  reason=expiry  pnl=-0.20%

PLAN CREATED  2026-05-17 17:15:00  plan=79eb7efc  bias=neutral  regime=bear-low  setups=0
  rationale: Price is below all EMAs (bearish), RSI near 40 (momentum bearish), but recent price action shows a bounce from 77800 level. Low volatility regime and no clear catalyst. Waiting for a better setup.

PLAN CREATED  2026-05-17 18:15:00  plan=67165564  bias=neutral  regime=bear-low  setups=0
  rationale: The market is in a bear regime with low volatility. Price is chopping around the 78000-78200 range, with RSI near 50 and no clear directional conviction. The recent price action shows mixed closes and low volume, suggesting a lack of momentum. No setup meets the minimum risk-reward criteria at the worst-case fill edge.

PLAN CREATED  2026-05-17 19:15:00  plan=5db19ed6  bias=bearish  regime=bear-low  setups=1
  rationale: Regime shows bear-low volatility, price below 200 EMA, and momentum composite is negative. RSI near neutral, but recent price action shows lower highs and pullback from 78500 area. Bearish bias prevails.
  setup[1] 7be403fb  SHORT  size=0.08
    entry_zone: 78200 -> 78300
    take_profit: [77800, 77500]   stop_loss: 78500
    hard:  ema_20 < ema_50; price < ema_200; rsi_14 < 60
    soft:  macd_hist < 0 (w0.5)
    invalidation: [hard] price > 78500 (intrabar)

PLAN CREATED  2026-05-17 20:15:00  plan=23ec866c  bias=neutral  regime=bear-low  setups=0
  rationale: Price oscillating around flat EMAs (20/50 near 78170, 200 near 78507). RSI ~56 neutral. MACD positive but histogram shrinking. Regime bear-low with low volatility. Recent price compressed between 77800-78500. No clear directional edge.

PLAN CREATED  2026-05-17 21:15:00  plan=27396820  bias=neutral  regime=bear-low  setups=0
  rationale: Price near EMA20 and EMA50 but below EMA200, RSI moderate at 63.7, MACD positive but weak. Regime bear-low suggests limited upside. Recent price consolidation. No clear high-confidence setup meets risk criteria.

PLAN CREATED  2026-05-17 22:15:00  plan=4464f186  bias=bearish  regime=bear-low  setups=0
  rationale: Price is below all EMAs, RSI < 40, MACD histogram negative, regime is bear-low, and recent price action shows a breakdown below 78000. The trend is weak, and momentum is bearish, suggesting further downside is likely.

PLAN CREATED  2026-05-17 23:15:00  plan=afd90087  bias=bearish  regime=bear-low  setups=1
  rationale: Price is below all EMAs (20, 50, 200), RSI at 32.7 is oversold but falling, MACD histogram negative and decreasing, CVD slope negative, trend bear and volatility low. Recent selloff from 78300 to 77700 suggests continuation. Oversold RSI may cause bounce, but overall bias is bearish.
  setup[1] 422f3882  SHORT  size=0.1
    entry_zone: 77795.8 -> 77900
    take_profit: [77300, 77000]   stop_loss: 78100
    hard:  rsi_14 < 40; price < ema_20; price < ema_50; macd_hist < 0
    soft:  cvd_slope_10 < 0 (w0.7); vol_zscore_20 > 1.5 (w0.5)
    invalidation: [hard] price > 78200 (intrabar); [soft] rsi_14 crosses_above 40 (on_close)
----------------------------------------------------------------------------------------
CONFIRM  2026-05-17 23:15:00  plan=afd90087 setup=422f3882  action=CONFIRM  size_x=1
  price=77795.8  hard_ok=True  soft_score=1
  reason: All hard rules satisfied, soft score at max, momentum and RSI strongly bearish, and entry zone touched.
TRADE OPENED  2026-05-17 23:15:00  trade=40ed2db8  plan=afd90087 setup=422f3882  SHORT @ 77795.8  size=0.1
  -> EXECUTED — rr 1.63
  -> SCALED OUT 0.50 at tp1 @ 77300.0 (leg +0.64%) — stop→breakeven
TRADE CLOSED  2026-05-18 00:00:00  trade=40ed2db8  plan=afd90087  reason=tp  pnl=+0.83%

PLAN CREATED  2026-05-18 00:15:00  plan=a752ee2a  bias=bearish  regime=bear-low  setups=0
  rationale: RSI 14 is oversold at 25.3, price is below all EMAs (20, 50, 200), MACD histogram negative and deepening, CVD slope negative indicating selling pressure, trend is bear, volatility low suggesting continuation. Oversold could cause bounce, but momentum composite negative and price broke below 78000 support, favoring further downside. No clear long setup; bearish setup with tight stop above recent high.

PLAN CREATED  2026-05-18 01:15:00  plan=4040e382  bias=bearish  regime=bear-low  setups=0
  rationale: Price is below all key EMAs (20,50,200), RSI is oversold (26.4), MACD histogram negative and decreasing, bear regime. Recent sharp drop suggests strong selling pressure. No long setup due to oversold RSI and lack of reversal confirmation. Short setup considered but risk of false low entry; waiting for pullback to EMA20 for better risk/reward.

PLAN CREATED  2026-05-18 02:15:00  plan=30ec44d5  bias=bearish  regime=side-low  setups=1
  rationale: RSI is 35.8, below 40, and price is below all EMAs (20, 50, 200). Recent sharp drop from ~78400 to 77010, high volume (spike at 23:30). Regime is side-low, but momentum skewed bearish. MACD histogram negative and declining.
  setup[1] efbdc5e1  SHORT  size=0.08
    entry_zone: 77010 -> 77138
    take_profit: [76500, 76000, 75500]   stop_loss: 77350
    hard:  rsi_14 < 40; price < ema_20; price < ema_50; macd_hist < 0
    soft:  pr_momentum > 0.5 (w0.6); vol_zscore_20 > 0 (w0.4)
    invalidation: [hard] price >= 77350 (intrabar); [soft] rsi_14 > 50 (on_close)

PLAN CREATED  2026-05-18 03:15:00  plan=2a381f88  bias=bearish  regime=side-low  setups=1
  rationale: Price is below all EMAs, RSI is weak at 36.7, MACD histogram negative, and recent sharp drop with high volume suggests selling pressure. Regime is side-low but price action favors shorts.
  setup[1] 80a50ad2  SHORT  size=0.03
    entry_zone: 76927.3 -> 77000
    take_profit: [76300, 75800]   stop_loss: 77450
    hard:  rsi_14 < 40; price < ema_20; price < ema_50
    soft:  vol_zscore_20 > 0.5 (w0.3); macd_hist < 0 (w0.5)
    invalidation: [hard] price >= 77450 (intrabar); [warning] rsi_14 > 50 (on_close)
  -> SKIPPED: regime side-low disallows short

PLAN CREATED  2026-05-18 04:15:00  plan=c9a8d2a6  bias=bearish  regime=bear-low  setups=1
  rationale: Price is below all EMAs (20,50,200), RSI is bearish at 35.5, and the trend regime is bear-low. Recent price action shows a sharp drop with high volume, suggesting continued downside momentum. MACD is negative but hist turning up slightly, indicating possible short-term consolidation. Bias remains bearish.
  setup[1] 1f21921c  SHORT  size=0.05
    entry_zone: 76790 -> 76900
    take_profit: [76000, 75600]   stop_loss: 77150
    hard:  rsi_14 < 40; price < ema_20; price < ema_50
    soft:  macd_hist < 0 (w0.5); momentum_composite > 0.5 (w0.3)
    invalidation: [hard] price >= 77250 (intrabar); [soft] rsi_14 >= 50 (on_close)

PLAN CREATED  2026-05-18 05:15:00  plan=73d15b6e  bias=bearish  regime=bear-low  setups=0
  rationale: Price is below all major EMAs (20, 50, 200) with a bear trend regime and low volatility. RSI is below 50, MACD histogram positive but struggling near lows. Recent volume spike with a sharp drop suggests selling pressure. Bias is bearish but no clear setup meets risk-reward criteria due to low volatility and tight stops.

PLAN CREATED  2026-05-18 06:15:00  plan=0014cda6  bias=bearish  regime=bear-low  setups=1
  rationale: Price is below both EMA_20 and EMA_50, RSI_14 is bearish at 34.7, MACD histogram is positive but recovering from deep negative, and the regime is bear-low volatility. Recent sell-off from ~78400 to ~76700 suggests continued downside pressure.
  setup[1] b56d9fb7  SHORT  size=0.1
    entry_zone: 76700 -> 76847.2
    take_profit: [76000, 75500]   stop_loss: 77100
    hard:  price < ema_50; rsi_14 < 40
    soft:  macd_hist > 0 (w0.3)
    invalidation: [hard] price > 77150 (intrabar)
----------------------------------------------------------------------------------------
CONFIRM  2026-05-18 06:30:00  plan=0014cda6 setup=b56d9fb7  action=CONFIRM  size_x=1
  price=76799.9  hard_ok=True  soft_score=1
  reason: Price is inside entry zone, hard rules passed, RSI < 40, macd_hist positive (bearish momentum), and soft score is 1.0. All conditions still support the short entry.
TRADE OPENED  2026-05-18 06:30:00  trade=ddbed33e  plan=0014cda6 setup=b56d9fb7  SHORT @ 76799.9  size=0.1
  -> EXECUTED — rr 2.67

PLAN CREATED  2026-05-18 07:15:00  plan=37107d5b  bias=bearish  regime=bear-low  setups=0
  rationale: Price is below all EMAs (20, 50, 200), trend is bearish, and volatility is low. RSI near 50 shows no strength. CVD slope negative suggests selling pressure. No setup currently meets risk criteria with narrow entry zone and sufficient RR.
TRADE CLOSED  2026-05-18 07:15:00  trade=ddbed33e  plan=0014cda6  reason=expiry  pnl=-0.26%

PLAN CREATED  2026-05-18 08:15:00  plan=57435633  bias=bearish  regime=bear-low  setups=1
  rationale: Price is below all EMs, RSI below 50, trend is bearish, low volatility regime. Recent bounce from 76666 to 77000 area is rejected, suggesting bearish continuation.
  setup[1] 4c9b4d83  SHORT  size=0.02
    entry_zone: 76950 -> 77050
    take_profit: [76400, 76000]   stop_loss: 77200
    hard:  price < ema_20; rsi_14 < 50; macd_hist > 0
    soft:  price > ema_200 (w0.5)
    invalidation: [hard] price > 77200 (intrabar)

PLAN CREATED  2026-05-18 09:15:00  plan=f76e33c3  bias=bearish  regime=bear-low  setups=0
  rationale: Price structure is bearish with a 30d trend slope declining, price below EMAs (20, 50, 200), and RSI below 50. Recent high volatility spike on candle 23:30 suggests distribution. Low volatility regime implies choppy but with bearish tilt. CVD divergence is positive but not yet reversing trend. Prefer to wait for clearer setup.

PLAN CREATED  2026-05-18 10:15:00  plan=bcee2a64  bias=bearish  regime=bear-low  setups=0
  rationale: Price is below all EMAs, RSI is weak (41.5), and the regime is bear-low. The recent candle shows a bounce from 76670 but remains under resistance. Low ATR suggests range-bound action, but bias is bearish.

PLAN CREATED  2026-05-18 11:15:00  plan=792f5efa  bias=bearish  regime=bear-low  setups=0
  rationale: Price is below both 20 EMA (76861.6) and 50 EMA (77076.5), and RSI is 42.6 indicating bearish momentum. Regime is bear-low. MACD histogram is negative. Recent price action shows a sequence of lower highs and lower lows. Bias is bearish but risk management suggests waiting for better setup given low volatility.

PLAN CREATED  2026-05-18 12:15:00  plan=2f1a687d  bias=neutral  regime=bear-low  setups=0
  rationale: Price is within the range of recent consolidation, RSI near 60 indicates mild bullish momentum but the overall trend is bearish according to the regime (bear-low volatility). ATR is low and volume is moderate. No clear high-confidence setup that satisfies risk constraints.

PLAN CREATED  2026-05-18 13:15:00  plan=f9e56107  bias=neutral  regime=bear-low  setups=0
  rationale: Price near EMAs, RSI neutral, low volatility bear regime, recent range-bound action. No clear setup with sufficient RR given narrow entry zone requirement and risk limits.

PLAN CREATED  2026-05-18 14:15:00  plan=1dd9da61  bias=bearish  regime=bear-low  setups=0
  rationale: Price is below key EMAs (20, 50, 200) and trending lower in a bear-low regime. RSI is 39 (weak) and MACD histogram is negative with bearish cross. Recent bars show a sharp drop after a failed rally, with volume spike. Bias is bearish; no clear setup due to elevated vol_zscore and distance from resistance levels.

PLAN CREATED  2026-05-18 15:15:00  plan=979af349  bias=bullish  regime=bear-low  setups=1
  rationale: Price has dropped sharply to 76065.5, deep below EMAs (20,50,200), RSI_14 at 29.66 (oversold). CVD slope is negative but OBV suggests selling exhaustion. Volatility is low, regime bear-low. A bounce is likely from these levels. We set an entry zone near the recent low, tight stop below, and tp at prior resistance, yielding RR>1.8 at worst-case fill.
  setup[1] 8fde27af  LONG  size=0.1
    entry_zone: 76000 -> 76100
    take_profit: [76700, 77000]   stop_loss: 75820
    hard:  rsi_14 <= 30; price < ema_50; price <= ema_200; price >= 76000
    soft:  cvd_slope_10 < 0 (w0.5); rsi_14 crosses_above 30 (w1)
    invalidation: [hard] price < 75800 (intrabar); [soft] macd_hist < -200 (intrabar)

PLAN CREATED  2026-05-18 16:15:00  plan=622ed9c3  bias=bearish  regime=bear-low  setups=1
  rationale: Price is below EMAs (20,50,200), RSI weak at 38, MACD histogram negative and widening, and recent high-volume selloffs. Regime is bear-low volatility, suggesting further downside.
  setup[1] f4553698  SHORT  size=0.05
    entry_zone: 76248.9 -> 76300
    take_profit: [75700, 75400, 75000]   stop_loss: 76650
    hard:  rsi_14 < 40; price < ema_20; price < ema_50; macd_hist < 0
    soft:  cvd_slope_10 < 0 (w0.7); vol_zscore_20 > -1 (w0.5)
    invalidation: [hard] price > ema_200 (intrabar)
----------------------------------------------------------------------------------------
CONFIRM  2026-05-18 16:15:00  plan=622ed9c3 setup=f4553698  action=CONFIRM  size_x=1
  price=76248.9  hard_ok=True  soft_score=1
  reason: Price just entered entry zone, all hard rules met, strong soft score of 1.0, RSI weak (38.1), MACD hist negative and declining, CVD slope negative indicating selling pressure, momentum composite slightly positive but overall bearish structure intact.
TRADE OPENED  2026-05-18 16:15:00  trade=f8463631  plan=622ed9c3 setup=f4553698  SHORT @ 76248.9  size=0.05
  -> EXECUTED — rr 1.37

PLAN CREATED  2026-05-18 17:15:00  plan=14c6a9f8  bias=neutral  regime=bear-low  setups=0
  rationale: Regime is bear-low with downtrend. RSI near 50, price below EMAs. Recent price action shows a bounce but unclear direction. Existing short positions limit new entries. No clear setup with adequate RR given narrow entry zone constraints.
TRADE CLOSED  2026-05-18 17:15:00  trade=f8463631  plan=622ed9c3  reason=sl  pnl=-0.53%

PLAN CREATED  2026-05-18 18:15:00  plan=3702ad4a  bias=bearish  regime=bear-low  setups=1
  rationale: Price below 50 and 200 EMAs, RSI below 50, bearish trend, and recent lower highs/lows suggest continued downside. MACD histogram positive but weak. Volatility low, favoring mean reversion but trend is dominant.
  setup[1] 15ebb474  SHORT  size=0.08
    entry_zone: 76350 -> 76450
    take_profit: [76000, 75700]   stop_loss: 76650
    hard:  price < ema_50; rsi_14 < 50; price < ema_200
    soft:  macd_hist < 50 (w0.3)
    invalidation: [hard] price >= 76650 (intrabar)

PLAN CREATED  2026-05-18 19:15:00  plan=d0424beb  bias=neutral  regime=bear-low  setups=0
  rationale: Price oscillating near key moving averages (EMA20, EMA50) with low volatility regime. RSI near 50, MACD histogram turning positive but still below zero. No clear directional bias.

PLAN CREATED  2026-05-18 20:15:00  plan=1a01c7c1  bias=bullish  regime=bear-low  setups=1
  rationale: Price is recovering from a sell-off, RSI at 62.7 shows bullish momentum, MACD histogram positive and rising, price above EMA_20 and EMA_50. Regime is bear-low, but recent price action suggests a short-term bullish reversal. Risk limits allow one position per symbol, and we already have an ETH short, so no conflict. Setup aims for a tight entry near current price with conservative stop below recent lows.
  setup[1] c7c6887d  LONG  size=0.1
    entry_zone: 77099 -> 77110
    take_profit: [77350, 77500]   stop_loss: 76900
    hard:  rsi_14 > 50; price > ema_20; price > ema_50; macd_hist > 0
    soft:  momentum_composite > 0.5 (w0.6); vol_zscore_20 < 1.5 (w0.4)
    invalidation: [hard] price < 76900 (on_close)
  -> SKIPPED: regime bear-low disallows long

PLAN CREATED  2026-05-18 21:00:00  plan=d85332ab  bias=bullish  regime=bear-low  setups=1
  rationale: Price has recovered from intraday lows near 76100 and is now approaching the EMA50 (76782) and EMA20 (76730). RSI is neutral at 55, MACD histogram is positive and rising, and recent candle closes show higher lows. The regime is bear-low but momentum composite is positive (0.69). A long setup targeting a retest of the recent high zone is viable with tight stops below the recent swing low.
  setup[1] eaf432a0  LONG  size=0.1
    entry_zone: 76750 -> 76800
    take_profit: [77050, 77200, 77400]   stop_loss: 76600
    hard:  close > ema_20; rsi_14 > 50; macd > macd_signal
    soft:  momentum_composite > 0.5 (w0.5)
    invalidation: [hard] close < 76400 (intrabar)

PLAN CREATED  2026-05-18 22:00:00  plan=bfdd9bb2  bias=neutral  regime=bear-low  setups=0
  rationale: Price is consolidating in a range after a bearish trend, with RSI neutral and MACD positive. Low volatility and mixed signals suggest waiting for clearer direction.

PLAN CREATED  2026-05-18 23:00:00  plan=5831f933  bias=neutral  regime=bear-low  setups=0
  rationale: Price is near the 20 and 50 EMAs, RSI is neutral at 58, MACD histogram slightly positive. Recent price action shows a recovery from recent lows but no clear directional momentum. Regime is bear-low, suggesting caution. No strong setup with adequate RR.

PLAN CREATED  2026-05-19 00:00:00  plan=7f091e27  bias=neutral  regime=bear-low  setups=0
  rationale: BTC is in a bearish regime with low volatility, but recent price action shows a recovery from lows near 76000, with price above EMA20 and EMA50. RSI is neutral at 57.8, MACD histogram is slightly negative. The trend is mixed, but the recovery suggests potential for short-term upward momentum, though the bearish regime limits bullish conviction. No clear edge for a setup due to low volatility and mixed signals.

PLAN CREATED  2026-05-19 01:00:00  plan=7af1e74c  bias=neutral  regime=bear-low  setups=0
  rationale: The market is in a bear-low regime with low volatility. Price is around 77000, consolidating above the 20 and 50 EMAs but below the 200 EMA. RSI is neutral at 55.86. MACD histogram is slightly negative. Recent price action shows a downtrend from 77686 to 76000s then a recovery to 77000s, but overall momentum is weak. No clear setup meets the required reward-to-risk criteria with a narrow entry zone and sufficient buffer above min_rr of 1.0. Hence, no trades are suggested.

PLAN CREATED  2026-05-19 02:00:00  plan=d3b4bea0  bias=neutral  regime=bear-low  setups=0
  rationale: Price is below 200 EMA, RSI < 50, MACD bearish, but recent bounce from lows and low volatility regime suggest potential consolidation. No clear edge for a high-confidence setup.

PLAN CREATED  2026-05-19 03:00:00  plan=85e7e6aa  bias=neutral  regime=bear-low  setups=0
  rationale: BTC is in a bear-low regime with low volatility. The price has been oscillating in a range around 76700, with RSI near 45 and MACD histogram negative. The trend is unclear, and no strong setup meets the required risk-reward criteria with a narrow entry zone and min_rr of 1.0. We avoid forcing a trade.

PLAN CREATED  2026-05-19 04:00:00  plan=05fef27c  bias=neutral  regime=bear-low  setups=0
  rationale: RSI near 50, MACD histogram negative but flattening, price straddling EMAs (20/50) below 200 EMA. Regime is bear-low, suggesting low volatility downtrend but no clear momentum. Recent price action choppy with no decisive breakout. Neutral bias preferred.

PLAN CREATED  2026-05-19 05:00:00  plan=e98d3522  bias=neutral  regime=bear-low  setups=0
  rationale: The trend is bearish and volatility is low. RSI is near 50, price is around EMAs with no clear direction. Recent price action shows choppy movement between 76600 and 77200. No clear setup meets risk-reward criteria at the unfavorable fill edge.

PLAN CREATED  2026-05-19 06:00:00  plan=c8b43a3a  bias=neutral  regime=bear-low  setups=0
  rationale: BTC consolidating in a narrow range around 76900, just above ema_20 and ema_50 but below ema_200. RSI ~55 shows neutral momentum. Regime is bear-low, no clear directional edge. Price recently bounced off 76500 support but failed to break above 77150 resistance. Low volatility and mixed signals suggest waiting for a clearer setup.

PLAN CREATED  2026-05-19 07:00:00  plan=586ddf09  bias=bullish  regime=bear-low  setups=0
  rationale: Price is above EMA20 and EMA50, RSI is neutral-bullish at 60, MACD histogram positive and rising, volume is above average (vol_zscore > 0), and recent price action shows a series of higher lows and a push above 77100. Regime is bear-low but price has recovered from recent lows, suggesting short-term bullish momentum. However, EMA200 is above current price, so upside may be limited.

PLAN CREATED  2026-05-19 08:00:00  plan=1901d27e  bias=neutral  regime=bear-low  setups=0
  rationale: Price is consolidating near EMA20 and EMA50, RSI neutral, MACD positive but low vol regime suggests caution. No clear edge for a setup.

PLAN CREATED  2026-05-19 09:00:00  plan=cb003c15  bias=neutral  regime=bear-low  setups=0
  rationale: Price is consolidating near EMAs (ema_20, ema_50, ema_200) with RSI ~50 and low volatility regime. Mixed signals: recent drop then recovery, no clear directional catalyst. No setup achieves adequate reward:risk at unfavorable fill edge while respecting narrow entry zone. Stay on sidelines.

PLAN CREATED  2026-05-19 10:00:00  plan=fc3d03eb  bias=bearish  regime=bear-low  setups=0
  rationale: Price is below all major EMAs, RSI is below 50, MACD is negative and below signal, trend regime is bear-low volatility. Recent price action shows a rejection near 77200-77300 and a drop back to 76700. A short setup targeting a retest of recent lows is viable.

PLAN CREATED  2026-05-19 11:00:00  plan=a2df0cfb  bias=neutral  regime=bear-low  setups=0
  rationale: Price oscillating around EMAs (20/50/200), RSI near 50, low volatility regime. No clear directional setup. MACD histogram negative but not extreme. Recent price action shows choppy range between 76600 and 77300. No valid setup with sufficient reward-to-risk given narrow entry zones.

PLAN CREATED  2026-05-19 12:00:00  plan=46c8cfc7  bias=neutral  regime=bear-low  setups=0
  rationale: BTC is in a bear-low regime with downward trend and low volatility. RSI is neutral (45.45), MACD histogram negative, price below all EMAs (20,50,200). CVD slope negative. Momentum composite slightly positive but overall bearish. No clear directional edge; risk limits constrain to one position per symbol and ETH position is open. Hence no setup.

PLAN CREATED  2026-05-19 13:00:00  plan=e4c19961  bias=bearish  regime=bear-low  setups=1
  rationale: Price is below all major EMAs (20, 50, 200), indicating a bearish structure. RSI at 47 is neutral but MACD histogram is just positive, suggesting consolidation. The regime is bear-low volatility, and recent price action shows lower highs and lower lows. Momentum composite is slightly positive but pr_atr and pr_vol_zscore are low, indicating low conviction. A short setup with tight stop is possible targeting the recent low area.
  setup[1] 32dec831  SHORT  size=0.05
    entry_zone: 76793 -> 76850
    take_profit: [76500, 76200]   stop_loss: 77000
    hard:  price < ema_20; price < ema_50; price < ema_200
    soft:  rsi_14 < 50 (w0.5); macd_hist < 0 (w0.3); pr_momentum <= 0.5 (w0.2)
    invalidation: [hard] price >= 77100 (intrabar)

PLAN CREATED  2026-05-19 14:00:00  plan=c65fd487  bias=bearish  regime=bear-low  setups=0
  rationale: Price is below all EMAs, RSI below 50, MACD negative, and trend is bear-low. 30d slope negative, volume spike suggests selling pressure. Bias is bearish but no clear setup with adequate risk-reward given tight entry zone constraints.

PLAN CREATED  2026-05-19 15:00:00  plan=f25a91b0  bias=bearish  regime=bear-low  setups=0
  rationale: Price is below all EMAs (20,50,200), RSI is below 50, MACD histogram is negative, and recent OHLCV shows lower highs and lower lows with increased volume on down moves. Regime is bear-low, indicating bearish trend with low volatility. The bias is bearish.

PLAN CREATED  2026-05-19 16:00:00  plan=87314b43  bias=bearish  regime=bear-low  setups=1
  rationale: Price is below all EMAs (20,50,200), RSI(14)=41.34 below 50, MACD histogram negative and declining, recent price action showing lower highs and lower lows. Regime is bear-low volatility. Momentum composite slightly positive but overall bearish structure dominates.
  setup[1] 1831e200  SHORT  size=0.05
    entry_zone: 76434.9 -> 76500
    take_profit: [75900, 75600]   stop_loss: 76750
    hard:  rsi_14 < 50; price < ema_20; price < ema_50
    soft:  macd_hist < 0 (w1)
    invalidation: [hard] rsi_14 crosses_above 50 (on_close); [soft] price > ema_20 (on_close)
----------------------------------------------------------------------------------------
CONFIRM  2026-05-19 16:00:00  plan=87314b43 setup=1831e200  action=CONFIRM  size_x=1
  price=76434.9  hard_ok=True  soft_score=1
  reason: All hard rules pass: RSI 41.3 < 50, price below both EMAs. Soft rule macd_hist < 0 holds with conviction. Price is at entry zone low, momentum supports short.
TRADE OPENED  2026-05-19 16:00:00  trade=b43f9b95  plan=87314b43 setup=1831e200  SHORT @ 76434.9  size=0.05
  -> EXECUTED — rr 1.70
TRADE CLOSED  2026-05-19 16:30:00  trade=b43f9b95  plan=87314b43  reason=sl  pnl=-0.41%

PLAN CREATED  2026-05-19 16:45:00  plan=d9d41bec  bias=bullish  regime=bear-low  setups=1
  rationale: Price broke above EMA_20 and EMA_50 after a sharp sell-off, MACD histogram positive and signal line crossing, RSI recovering above 50, momentum composite positive. Recent surge from 76434 to 76858 suggests short-term bullish momentum. Regime is bear-low but short-term reversal possible.
  setup[1] 9c6be2c8  LONG  size=0.1
    entry_zone: 76800 -> 76900
    take_profit: [77200, 77400]   stop_loss: 76650
    hard:  rsi_14 > 50; price > ema_20; macd_hist > 0
    soft:  momentum_composite > 0.5 (w0.5); price > ema_50 (w0.3); vol_zscore_20 > -1 (w0.2)
    invalidation: [hard] price < 76650 (on_close)
  -> SKIPPED: regime bear-low disallows long
  -> SKIPPED: regime bear-low disallows long
  -> SKIPPED: regime bear-low disallows long

PLAN CREATED  2026-05-19 17:45:00  plan=caff5994  bias=neutral  regime=bear-low  setups=0
  rationale: Price is near EMAs (20/50/200) in bear-low regime with low volatility. RSI neutral (54), MACD histogram positive but small. Recent price action shows a bounce from 76211 low, but resistance near 76900-77000. No clear directional setup with sufficient RR.

PLAN CREATED  2026-05-19 18:45:00  plan=6823c1dd  bias=neutral  regime=bear-low  setups=0
  rationale: RSI near 50, price near EMAs, no strong momentum or volume confirmation. Regime is bear-low, but recent price action shows consolidation. No clear edge, so no setups.

PLAN CREATED  2026-05-19 19:45:00  plan=fbfd2258  bias=neutral  regime=side-low  setups=0
  rationale: ATR is low, RSI near 50, EMAs flat, MACD barely positive, regime side-low. No clear directional edge. Existing short ETH position already uses 5% equity. Risk limits cap at 10% per symbol, but BTC has no open position. However, the lack of momentum and low volatility suggest standing aside.

PLAN CREATED  2026-05-19 20:45:00  plan=31567356  bias=bullish  regime=side-low  setups=0
  rationale: Recent price action shows a reversal from the 76200 low, with higher lows and closes above the 20 EMA (76823) and 50 EMA (76796). RSI is at 57, room to run. MACD positive and histogram expanding. Volume picking up on up moves. Regime is side-low but transitioning to bullish bias. Momentum composite strong at 0.83. CVD negative but stabilization suggests selling exhaustion. A long setup targeting prior resistance near 77200 with tight stop below recent swing low.

PLAN CREATED  2026-05-19 21:45:00  plan=f8fd5f13  bias=neutral  regime=side-low  setups=0
  rationale: Price is consolidating near EMAs, RSI neutral, MACD positive but flat, regime side-low volatility low. No clear directional signal with sufficient reward-to-risk.

PLAN CREATED  2026-05-19 22:45:00  plan=45b06cd0  bias=bearish  regime=side-low  setups=1
  rationale: Price below all EMAs, RSI below 50, MACD negative and below signal, low volatility sideways regime, recent bearish price action.
  setup[1] b48d8b45  SHORT  size=0.08
    entry_zone: 76676.1 -> 76724.8
    take_profit: [76300, 76000]   stop_loss: 76850
    hard:  price < ema_20; price < ema_50; price < ema_200; rsi_14 < 50
    soft:  macd_hist < 0 (w0.6); vol_zscore_20 < 0 (w0.4)
    invalidation: [hard] rsi_14 > 70 (intrabar); [hard] price > ema_20 (intrabar)
  -> SKIPPED: regime side-low disallows short

PLAN CREATED  2026-05-19 23:30:00  plan=41af0127  bias=neutral  regime=side-low  setups=0
  rationale: Price is consolidating in a tight range around 76870, with RSI near 50 and low volatility. No clear directional edge; awaiting breakout or catalyst.

PLAN CREATED  2026-05-20 00:30:00  plan=d77cb4e2  bias=neutral  regime=side-low  setups=0
  rationale: Price is oscillating near EMAs with RSI near 50, MACD negative but diverging, and regime side-low. No clear directional edge; avoid forcing trades.

PLAN CREATED  2026-05-20 01:30:00  plan=beed5d28  bias=bearish  regime=side-low  setups=1
  rationale: Price is below both the 20- and 50-period EMAs, RSI at ~42 is bearish, and MACD histogram is negative. Recent price drop from 76838 to 76570 confirms bearish pressure. Volatility is low but volume spikes suggest selling.
  setup[1] 84e19562  SHORT  size=0.05
    entry_zone: 76550 -> 76600
    take_profit: [75700, 75300]   stop_loss: 76850
    hard:  price < ema_50; rsi_14 < 50; macd_hist < 0
    soft:  price < ema_20 (w0.7); vol_zscore_20 > 1.5 (w0.3)
    invalidation: [hard] price > 76850 (on_close); [soft] rsi_14 crosses_above 50 (on_close)
  -> SKIPPED: regime side-low disallows short

PLAN CREATED  2026-05-20 02:30:00  plan=32d9849a  bias=bearish  regime=side-low  setups=1
  rationale: Price is below both 20 and 50 EMAs, RSI below 50, MACD negative, and trend is sideways with low volatility. Recent price action shows rejection near 76900 and a decline to 76582, aligning with a bearish bias.
  setup[1] 39990ac8  SHORT  size=0.08
    entry_zone: 76742 -> 76782
    take_profit: [76470, 76300, 76100]   stop_loss: 76920
    hard:  price < ema_20; rsi_14 < 50
    soft:  price < ema_50 (w0.5); macd_hist < 0 (w0.3); price < ema_200 (w0.2)
    invalidation: [hard] price > 76920 (intrabar)

PLAN CREATED  2026-05-20 03:30:00  plan=95de172e  bias=neutral  regime=side-low  setups=0
  rationale: RSI near 50, price between EMAs, low volatility, no clear directional signal. No trade setup meets risk/reward criteria.

PLAN CREATED  2026-05-20 04:30:00  plan=1386f57d  bias=neutral  regime=side-low  setups=0
  rationale: RSI near 50, price hovering around EMAs, low volatility regime. Recent price action shows tight range with no clear directional momentum. Sideways movement suggests waiting for a breakout. No setup meets risk/reward criteria.

PLAN CREATED  2026-05-20 05:30:00  plan=8cd62bb7  bias=bullish  regime=side-low  setups=0
  rationale: RSI above 60, MACD histogram positive and increasing, price above both 20 and 50 EMAs, momentum composite high; recent strong candle with volume surge suggests bullish momentum. Regime is side-low but price action breaking above range.

PLAN CREATED  2026-05-20 06:30:00  plan=b946de47  bias=bullish  regime=side-low  setups=1
  rationale: Price broke above recent high with above-average volume, RSI above 66 but not overbought, EMAs in bullish alignment (20 > 50) but price near 20, MACD histogram positive. Regime side-low suggests cautious bullish bias. Setup designed with narrow entry zone near current price to ride momentum.
  setup[1] f47a0c67  LONG  size=0.08
    entry_zone: 77250 -> 77300
    take_profit: [77650, 78000]   stop_loss: 77000
    hard:  close > ema_20; ema_20 > ema_50; rsi_14 > 50
    soft:  macd_hist > 0 (w0.5); volume > volume_avg_20 (w0.3); vol_zscore_20 > 0 (w0.2)
    invalidation: [hard] close < 77000 (on_close)

PLAN CREATED  2026-05-20 07:30:00  plan=b04112c4  bias=bullish  regime=side-low  setups=0
  rationale: Price is above all EMAs (20, 50, 200) with RSI at 66.3 (bullish momentum, not overbought). MACD histogram positive and rising, composite momentum strong. Recent spike from ~76700 to 77300+ after the 05:00 candle shows buying pressure. Regime is side-low but price is breaking out of a consolidation range. Low volatility suggests move may continue.

PLAN CREATED  2026-05-20 08:30:00  plan=5031ad4c  bias=bullish  regime=side-low  setups=1
  rationale: RSI(14) at 69.6 approaching overbought but not extreme; price above all EMAs (20,50,200) indicating bullish alignment; MACD histogram positive and rising; volume spike with high vol_zscore suggesting breakout momentum; regime side-low but momentum and CVD support upward. Bias is cautiously bullish.
  setup[1] 4e02e3b3  LONG  size=0.05
    entry_zone: 77420 -> 77470
    take_profit: [77950, 78200]   stop_loss: 77200
    hard:  price >= ema_20; ema_20 > ema_50; macd_hist > 0
    soft:  rsi_14 < 75 (w0.5); vol_zscore_20 > 1 (w0.5)
    invalidation: [hard] price < 77150 (intrabar)

PLAN CREATED  2026-05-20 09:30:00  plan=d8455ae4  bias=bullish  regime=side-low  setups=1
  rationale: Price is above EMAs (20,50,200) with RSI at 66.3 indicating bullish momentum. Recent price action shows a breakout above 77200 with strong volume. Regime is side-low, but momentum composite is high. Low volatility supports continuation.
  setup[1] 0bdb6526  LONG  size=0.05
    entry_zone: 77478.3 -> 77500
    take_profit: [77750, 77900]   stop_loss: 77350
    hard:  rsi_14 > 50; price > ema_50; price > ema_200
    soft:  macd_hist > 0 (w0.5); momentum_composite > 0.5 (w0.5)
    invalidation: [soft] rsi_14 < 70 (intrabar)

PLAN CREATED  2026-05-20 10:30:00  plan=0210c69d  bias=bullish  regime=side-low  setups=1
  rationale: RSI at 64 indicates bullish momentum, price above all EMAs, MACD histogram positive, but regime is side-low with low volatility. Recent strong volume up move suggests bullish bias.
  setup[1] 12b75a9f  LONG  size=0.1
    entry_zone: 77500 -> 77540
    take_profit: [77700, 77800, 77900]   stop_loss: 77400
    hard:  price > ema_20; price > ema_50; rsi_14 > 50
    soft:  macd_hist > 0 (w0.5)
    invalidation: [hard] price < 77400 (on_close)
  -> SKIPPED: regime side-low disallows long

PLAN CREATED  2026-05-20 11:30:00  plan=8f9728a9  bias=neutral  regime=side-low  setups=0
  rationale: Price oscillating around EMAs, RSI neutral (52.6), MACD histogram negative but converging, low volatility regime, no clear directional catalyst.

PLAN CREATED  2026-05-20 12:30:00  plan=3bda127d  bias=bullish  regime=side-low  setups=1
  rationale: Price is above all EMAs (20,50,200), RSI(14) at 60.7 showing bullish momentum, MACD histogram negative but converging. Trend regime is sideways with low volatility, suggesting a gradual uptrend. Volume spike at 05:00 UTC indicates accumulation. Setup aims for continuation above recent highs.
  setup[1] f833e06b  LONG  size=0.08
    entry_zone: 77460 -> 77500
    take_profit: [77800, 78000]   stop_loss: 77310
    hard:  price > ema_20; price > ema_50; price > ema_200; rsi_14 > 50
    soft:  macd_hist > -20 (w0.5); pr_atr > 0.15 (w0.3); vol_zscore_20 > -1 (w0.2)
    invalidation: [hard] rsi_14 < 40 (intrabar); [hard] price < ema_20 (intrabar); [soft] macd_hist < -30 (on_close)

PLAN CREATED  2026-05-20 13:30:00  plan=0686e4e3  bias=bearish  regime=side-low  setups=1
  rationale: Price broke below recent support near 77200 and is trading below EMAs (20,50,200). RSI at 36 is in bearish territory. MACD histogram negative and decreasing. Regime is side-low. High volume spike on the current candle indicates selling pressure. Bias is bearish for a potential continuation lower.
  setup[1] d9020194  SHORT  size=0.05
    entry_zone: 77053.4 -> 77100
    take_profit: [76800, 76500]   stop_loss: 77300
    hard:  price < ema_20; price < ema_50; rsi_14 < 40; macd_hist < 0
    soft:  vol_zscore_20 > 2 (w0.8); price < ema_200 (w0.3)
    invalidation: [hard] price > 77350 (intrabar); [soft] rsi_14 > 50 (on_close)
  -> SKIPPED: regime side-low disallows short

PLAN CREATED  2026-05-20 14:30:00  plan=7f76d4d3  bias=neutral  regime=side-low  setups=0
  rationale: RSI near 50, price near EMAs, low volatility regime, no clear directional signal. Not enough confluence for a trade.

PLAN CREATED  2026-05-20 15:30:00  plan=026493a6  bias=neutral  regime=side-low  setups=0
  rationale: Sideways-low regime with RSI near 50, price hovering around EMAs. No clear directional edge; reward-to-risk at worst-case fill is insufficient. No setup proposed.

PLAN CREATED  2026-05-20 16:30:00  plan=ba13816a  bias=neutral  regime=side-low  setups=0
  rationale: Price is oscillating around EMAs (20,50,200) with RSI near 50, MACD negative and histogram declining, and regime is side-low. No clear directional bias, so no setup is triggered.

PLAN CREATED  2026-05-20 17:30:00  plan=e1125986  bias=bullish  regime=side-low  setups=1
  rationale: Price is above all EMAs (20, 50, 200) with a bullish crossover (ema_20 > ema_50). RSI is neutral-bullish near 58. MACD histogram positive and rising. Regime is side-low but momentum composite is high. Recent higher lows suggest upward bias. Risk limits allow one position per symbol (no BTCUSDT position open). Setup seeks a long entry near pullback with tight stop below recent lows.
  setup[1] cbb5d051  LONG  size=0.08
    entry_zone: 77350 -> 77450
    take_profit: [77900, 78100]   stop_loss: 77250
    hard:  price > ema_50; ema_20 > ema_50; rsi_14 > 50
    soft:  macd_hist > 0 (w0.7); price > ema_200 (w0.5); momentum_composite > 0.5 (w0.8)
    invalidation: [hard] price < 77000 (on_close); [soft] rsi_14 > 70 (intrabar)
  -> SKIPPED: regime side-low disallows long

PLAN CREATED  2026-05-20 18:45:00  plan=bf01dfd2  bias=neutral  regime=side-low  setups=0
  rationale: RSI near 50, price oscillating around EMAs, regime side-low volatility, no clear directional signal. Recent price action shows choppiness with no sustained breakouts. No high-confidence setup meeting risk-reward criteria.

PLAN CREATED  2026-05-20 19:45:00  plan=4b300c97  bias=bullish  regime=side-low  setups=1
  rationale: Price is above all EMAs, MACD histogram positive and increasing, RSI neutral-bullish near 58.6. Recent price action shows higher lows and a break above 77600. Regime is side-low but momentum composite elevated. A long setup targeting prior high near 77733 is plausible with a tight stop below recent low 77556.6.
  setup[1] bb5fe7cf  LONG  size=0.05
    entry_zone: 77595 -> 77610
    take_profit: [77733, 77800]   stop_loss: 77556
    hard:  price > ema_20; macd_hist > 0; rsi_14 > 50
    soft:  momentum_composite > 0.5 (w1)
    invalidation: [hard] price < 77556 (intrabar)

PLAN CREATED  2026-05-20 20:45:00  plan=32e0d3c2  bias=bullish  regime=side-low  setups=1
  rationale: Price is above all EMAs (20,50,200) with positive MACD histogram and RSI in bullish territory (59.5). Recent candles show higher highs and higher lows, suggesting uptrend momentum. Regime is side-low, but price is breaking above the range. Volatility is low, so we can place tight stops. The setup targets a continuation of the uptrend with a narrow entry zone above current price.
  setup[1] 753942d3  LONG  size=0.08
    entry_zone: 77720 -> 77736
    take_profit: [78200, 78500]   stop_loss: 77500
    hard:  price > ema_200; rsi_14 > 50
    soft:  macd_hist > 0 (w0.5); vol_zscore_20 > -1 (w0.3); price > ema_20 (w0.2)
    invalidation: [hard] price < ema_50 (on_close)

PLAN CREATED  2026-05-20 21:45:00  plan=f386cee1  bias=neutral  regime=side-low  setups=0
  rationale: Price near EMAs, RSI ~47.5, MACD histogram negative, low volatility regime. No clear directional edge, so no setups are proposed.

PLAN CREATED  2026-05-20 22:45:00  plan=27019261  bias=neutral  regime=side-low  setups=0
  rationale: BTC on 15m timeframe is in a low-volatility sideways regime. RSI at 49 indicates no clear directional momentum. Price is oscillating near EMAs (20/50/200) with no strong trending signals. MACD hist negative but not extreme. Recent OHLCV shows choppy price action with no sustained breakout. No clear setup meets risk/reward criteria with sufficient confidence, so allowed_setups is empty.

PLAN CREATED  2026-05-20 23:45:00  plan=c56627a8  bias=bullish  regime=side-low  setups=0
  rationale: Price is above all EMAs, trending up from recent lows, RSI neutral, MACD hist negative but flattening. Regime side-low suggests low volatility range. Recent price action shows higher lows and higher highs. Bias is cautiously bullish.

PLAN CREATED  2026-05-21 00:45:00  plan=ef7fad84  bias=bullish  regime=side-low  setups=1
  rationale: Price is above all EMAs, RSI at 68 (bullish momentum), MACD histogram positive and rising, recent high volume breakout above 77700. Regime side-low but price breaking out. Short-term bullish momentum suggests a long setup with tight stop.
  setup[1] 176a80f7  LONG  size=0.1
    entry_zone: 77929.1 -> 77950
    take_profit: [78300, 78500]   stop_loss: 77700
    hard:  close > ema_20; close > ema_50; rsi_14 > 50; macd_hist > 0
    soft:  vol_zscore_20 > 2 (w0.5); momentum_composite > 0.8 (w0.5)
    invalidation: [hard] price < 77700 (on_close)
  -> SKIPPED: regime side-low disallows long

PLAN CREATED  2026-05-21 01:45:00  plan=86582731  bias=bullish  regime=bull-low  setups=1
  rationale: Price is above all EMAs (20,50,200), RSI at 58 showing bullish momentum, MACD positive with histogram rising, and recent OHLCV shows a pullback from highs that may offer a long entry in the uptrend. Low volatility regime supports controlled risk.
  setup[1] 2cc3df40  LONG  size=0.05
    entry_zone: 77777 -> 77856.4
    take_profit: [78150, 78300]   stop_loss: 77650
    hard:  ema_20 > ema_50; price > ema_20; rsi_14 > 50
    soft:  macd_hist > 0 (w0.7); momentum_composite > 0.5 (w0.3)
    invalidation: [hard] price < ema_50 (on_close)
----------------------------------------------------------------------------------------
CONFIRM  2026-05-21 01:45:00  plan=86582731 setup=2cc3df40  action=CONFIRM  size_x=1
  price=77818.1  hard_ok=True  soft_score=1
  reason: All hard rules satisfied; price inside entry zone; strong momentum and MACD histogram positive; RSI above 50; soft score perfect.
TRADE OPENED  2026-05-21 01:45:00  trade=e952f498  plan=86582731 setup=2cc3df40  LONG @ 77818.1  size=0.05
  -> EXECUTED — rr 1.97

PLAN CREATED  2026-05-21 02:45:00  plan=adf99fb3  bias=bullish  regime=bull-low  setups=1
  rationale: Price is above all major EMAs (20,50,200) indicating uptrend. RSI at 59 is neutral-bullish. MACD histogram positive. Regime is bull-low volatility. Recent price action shows higher lows and a push above 78000. Momentum composite strong (0.83). Entering a long on pullback to EMA20 support.
  setup[1] 3994b706  LONG  size=0.05
    entry_zone: 77730 -> 77760
    take_profit: [78200, 78400, 78600]   stop_loss: 77600
    hard:  price > ema_20; rsi_14 > 50; macd_hist > 0
    soft:  vol_zscore_20 < 0 (w0.3); momentum_composite > 0.7 (w0.5); obv > obv (w0.2)
    invalidation: [hard] close < 77500 (on_close); [warning] rsi_14 > 70 (intrabar)
TRADE CLOSED  2026-05-21 02:45:00  trade=e952f498  plan=86582731  reason=expiry  pnl=+0.13%

PLAN CREATED  2026-05-21 03:45:00  plan=8c18c955  bias=bullish  regime=bull-low  setups=0
  rationale: Price is above all EMAs, RSI is bullish but not overbought, MACD histogram positive, trend is bull, volatility low. Recent pullback held above EMA 50, suggesting continuation. However, no clear high-conviction setup due to mixed short-term signals and existing ETH short position. Keeping bias bullish but no setups triggered.

PLAN CREATED  2026-05-21 04:45:00  plan=c56fe9f4  bias=bullish  regime=bull-low  setups=1
  rationale: Price is above all EMAs, RSI is in bullish territory (59), MACD histogram is slightly negative but the line is above signal, recent OHLCV shows higher highs and higher lows, and the regime is 'bull-low'. Overall trend is up with low volatility, supportive of long bias.
  setup[1] 36e8aa35  LONG  size=0.06
    entry_zone: 77900 -> 77950
    take_profit: [78350, 78500]   stop_loss: 77750
    hard:  price > ema_20; price > ema_50; price > ema_200
    soft:  rsi_14 > 50 (w0.5); macd > macd_signal (w0.5)
    invalidation: [hard] price < 77650 (intrabar)

PLAN CREATED  2026-05-21 05:45:00  plan=4b186fcc  bias=neutral  regime=bull-low  setups=0
  rationale: RSI near 50, MACD histogram negative, price hovering around EMAs (20,50,200) in a bull-low regime with low volatility. No clear directional edge; recent price action shows consolidation between 77600-78100. No setup meets risk/reward criteria with narrow entry zone.

PLAN CREATED  2026-05-21 06:45:00  plan=45a9ed81  bias=bearish  regime=bull-low  setups=1
  rationale: Price is below EMAs (20,50,200), RSI 37.8 (weak), MACD histogram negative and decreasing, high volume on red candles, 60-min low break attempts. Trend still bull but momentum turning down; short-term bearish bias.
  setup[1] 9ee6125e  SHORT  size=0.1
    entry_zone: 77550 -> 77600
    take_profit: [77200, 77000]   stop_loss: 77750
    hard:  rsi_14 < 40; ema_20 > price; price < ema_50; macd_hist < 0
    soft:  vol_zscore_20 > 1.5 (w0.8); price < 77600 (w0.5)
    invalidation: [hard] price >= 77700 (intrabar); [soft] rsi_14 >= 45 (on_close)
  -> SKIPPED: regime bull-low disallows short

PLAN CREATED  2026-05-21 07:45:00  plan=4a949d1c  bias=neutral  regime=bull-low  setups=0
  rationale: Price is consolidating within a range after a recent drop; RSI near 55, MACD negative but converging; trend is bullish on higher timeframe but short-term momentum mixed. Low volatility regime suggests lack of clear directional edge.

PLAN CREATED  2026-05-21 08:45:00  plan=faae2757  bias=neutral  regime=bull-low  setups=0
  rationale: Price is hovering around EMAs (20/50/200), RSI near 50, MACD positive but flattening. Recent bullish spike from 08:00 candle has mostly retraced. Low volatility regime and low volume z-score suggest lack of strong momentum. No clear high-confidence setup given risk limits.

PLAN CREATED  2026-05-21 09:45:00  plan=1d0772f7  bias=neutral  regime=bull-low  setups=0
  rationale: Price is consolidating near the lower end of a range, RSI is below 50 suggesting bearish momentum, but trend is bull-low regime. Recent price action shows a sharp drop followed by stabilization. No clear setup with favorable risk-reward at worst-case fill.

PLAN CREATED  2026-05-21 10:45:00  plan=46f595cf  bias=bearish  regime=bull-low  setups=0
  rationale: RSI deeply oversold at 27.4, price below both 20 and 50 EMAs, MACD histogram negative and decreasing, recent strong bearish candles with high volume, all suggesting continued downside momentum. Regime is bull-low but price action is bearish on 15m, so short-term bias is bearish for a mean reversion down.

PLAN CREATED  2026-05-21 11:45:00  plan=7fde9670  bias=bearish  regime=bull-low  setups=1
  rationale: RSI at 30.33 is oversold and price is below all EMAs (20, 50, 200). Recent high volume sell-off, MACD histogram negative and deepening. Regime is 'bull-low' but short-term momentum is bearish. A bounce is possible but momentum favors continuation downward. A bearish setup is proposed with tight stop to respect risk limits.
  setup[1] a8b4cdfb  SHORT  size=0.06
    entry_zone: 77150 -> 77250
    take_profit: [76700, 76400]   stop_loss: 77550
    hard:  rsi_14 < 35; price < ema_20; price < ema_50
    soft:  macd_hist < -50 (w0.5); vol_zscore_20 < -0.2 (w0.3); pr_rsi < 0.2 (w0.2)
    invalidation: [hard] price > 77600 (intrabar)
  -> SKIPPED: regime bull-low disallows short
  -> SKIPPED: regime bull-low disallows short

PLAN CREATED  2026-05-21 12:45:00  plan=bd715547  bias=bearish  regime=bull-low  setups=1
  rationale: Price is below both 20 and 50 EMAs, RSI is bearish at ~38.7, MACD histogram is negative, and recent OHLCV shows multiple lower closes. Bull regime with low vol suggests limited downside but current momentum favors selling bounces within near-term downtrend.
  setup[1] b182e7f2  SHORT  size=0.05
    entry_zone: 77300 -> 77350
    take_profit: [77000, 76800, 76500]   stop_loss: 77480
    hard:  close < ema_20; close < ema_50; rsi_14 < 50
    soft:  macd_hist < 0 (w0.6); volume > 0 (w0.4)
    invalidation: [hard] close > ema_200 (on_close)

PLAN CREATED  2026-05-21 13:45:00  plan=e9f89b5e  bias=bearish  regime=bull-low  setups=1
  rationale: RSI is bearish below 50 at 41.33, price below EMA20 (77292) and EMA50 (77485), MACD histogram negative and declining, and recent price action shows a sharp drop from 77285 to 76697. Low volatility regime and low vol percentile suggest potential for continuation. However, the recent bounce from the low and short-term oversold conditions caution against aggressive entry.
  setup[1] e30f570e  SHORT  size=0.03
    entry_zone: 77090 -> 77165
    take_profit: [76600, 76200]   stop_loss: 77392
    hard:  rsi_14 < 50; price < ema_20; price < ema_50; macd_hist < 0
    soft:  vol_zscore_20 > 0.5 (w0.5)
    invalidation: [hard] price >= ema_20 (intrabar); [soft] rsi_14 >= 60 (on_close)
  -> SKIPPED: regime bull-low disallows short

PLAN CREATED  2026-05-21 14:45:00  plan=94629051  bias=bearish  regime=bull-low  setups=1
  rationale: Price is below all EMAs, RSI<40, bearish regime (bull-low but BTFD), recent breakdown from 77200 to 76696, CVD slope negative, price making lower lows. Bias is bearish.
  setup[1] 1718a2ad  SHORT  size=0.05
    entry_zone: 76944 -> 77055
    take_profit: [76500, 76100]   stop_loss: 77360
    hard:  price < ema_20; rsi_14 < 40; macd_hist < 0
    soft:  cvd_slope_10 < 0 (w0.5)
    invalidation: [hard] price > 77360 (intrabar)
  -> SKIPPED: regime bull-low disallows short

PLAN CREATED  2026-05-21 15:45:00  plan=5671b1e6  bias=neutral  regime=bull-low  setups=0
  rationale: The market is in a short-term downtrend (price below EMA 20/50/200), but RSI is neutral near 50 and MACD histogram shows potential bullish crossover. Volatility is low and regime is bull-low, suggesting range-bound conditions. No clear setup with adequate risk-reward given recent price action and narrow zones.

PLAN CREATED  2026-05-21 16:45:00  plan=9102d741  bias=neutral  regime=bull-low  setups=0
  rationale: Price is near EMAs (20,50,200) with low volatility regime. RSI near 50, mixed signals. No clear setup with favorable RR. No trade.

PLAN CREATED  2026-05-21 17:45:00  plan=a2533a7a  bias=bullish  regime=bull-low  setups=0
  rationale: RSI at 64 suggests bullish momentum, MACD histogram positive and above signal, price above EMAs, regime is 'bull-low' (low volatility bull). Recent price recovery from 77000 to 77800 shows strength. Entry zone above recent support.

PLAN CREATED  2026-05-21 18:45:00  plan=6ea02734  bias=neutral  regime=side-low  setups=0
  rationale: RSI near 50, price near EMAs, low volatility regime, no clear directional conviction. No setup with favorable risk-reward at worst-case fill.

PLAN CREATED  2026-05-21 19:45:00  plan=7e3ab61b  bias=neutral  regime=side-low  setups=0
  rationale: RSI near 56, price between EMAs, low volatility regime. No clear directional edge. Recent price action shows choppiness with no sustained breakout.

PLAN CREATED  2026-05-21 20:45:00  plan=abc52fb9  bias=bullish  regime=side-low  setups=1
  rationale: Price is above key EMAs (20, 50, 200) and MACD histogram is positive, indicating bullish momentum. Regime is side-low, but recent price action shows a bounce from 77000 area with increasing volume, suggesting accumulation. RSI is neutral, leaving room for upside.
  setup[1] 087104f9  LONG  size=0.1
    entry_zone: 77650 -> 77690
    take_profit: [77950, 78100]   stop_loss: 77450
    hard:  price > ema_20; price > ema_50; price > ema_200; macd_hist > 0
    soft:  volume > 400 (w0.5); vol_zscore_20 > -1 (w0.3); momentum_composite > 0.5 (w0.2)
    invalidation: [hard] price <= stop_loss (on_close)

PLAN CREATED  2026-05-21 21:45:00  plan=4455bf24  bias=neutral  regime=side-low  setups=0
  rationale: RSI near 50, MACD histogram slightly negative, price consolidating near EMAs with low volatility regime. No clear directional signal.

PLAN CREATED  2026-05-21 22:45:00  plan=c6e678d2  bias=neutral  regime=side-low  setups=0
  rationale: RSI near 50, price near EMAs, low volatility regime, no clear directional signal. Allowed setups are empty to avoid forced trades.

PLAN CREATED  2026-05-21 23:45:00  plan=6c87835f  bias=neutral  regime=side-low  setups=0
  rationale: RSI near 50, EMAs flat and clustered around 77500, MACD histogram slightly negative but signal line above zero; price oscillating in a tight range with low volatility. No clear directional edge.

PLAN CREATED  2026-05-22 00:45:00  plan=ca7ad018  bias=bearish  regime=side-low  setups=1
  rationale: Price closed below all EMAs, RSI below 40, MACD histogram negative and decreasing, price making lower highs, recent bar close at low, volume below average. Regime side-low with low volatility suggests continuation of range, but bias is bearish after rejection from resistance near 77700.
  setup[1] 991ace4d  SHORT  size=0.05
    entry_zone: 77400 -> 77500
    take_profit: [77050, 76800]   stop_loss: 77750
    hard:  rsi_14 < 45; close < ema_20; close < ema_50; macd < macd_signal
    soft:  vol_zscore_20 < -0.5 (w0.3); obv < 0 (w0.4)
    invalidation: [hard] close >= 77750 (intrabar)

PLAN CREATED  2026-05-22 01:45:00  plan=3cd38fdc  bias=neutral  regime=side-low  setups=0
  rationale: Price near EMAs (20,50,200 all ~77500), RSI neutral (52.6), MACD histogram negative, regime side-low with low volatility. No clear directional edge; avoiding forced trade.

PLAN CREATED  2026-05-22 02:45:00  plan=c63b36cf  bias=neutral  regime=side-low  setups=0
  rationale: BTC is in a side-low regime with low volatility. RSI is neutral near 55, price is oscillating around EMAs with no clear trend. Momentum composite is slightly positive but lacks conviction. No clear setup meets risk/reward criteria with narrow entry zone and min_rr >=1.0.

PLAN CREATED  2026-05-22 03:45:00  plan=d6c75f7b  bias=bullish  regime=side-low  setups=1
  rationale: Price above EMAs (20,50,200), RSI above 60, MACD histogram positive and rising, momentum composite above 0.8, recent price action showing higher lows and a push above 77700. Regime is side-low volatility, but short-term momentum is bullish.
  setup[1] 3f320c78  LONG  size=0.08
    entry_zone: 77680 -> 77700
    take_profit: [77950, 78100]   stop_loss: 77550
    hard:  price > ema_20; price > ema_50; price > ema_200; rsi_14 > 55
    soft:  macd_hist > 0 (w0.5); momentum_composite > 0.7 (w0.5)
    invalidation: [hard] price < 77400 (intrabar)

PLAN CREATED  2026-05-22 04:45:00  plan=1171b72a  bias=neutral  regime=side-low  setups=0
  rationale: Price is consolidating in a narrow range near EMAs with low volatility. RSI is neutral (~49.5), MACD histogram barely positive. No strong directional signal. Recent price action shows choppiness. No setups meet risk/reward criteria with narrow entry zone and min RR of 1.0 (worst-case fill).

PLAN CREATED  2026-05-22 05:45:00  plan=9e751236  bias=bearish  regime=side-low  setups=1
  rationale: Price is below all EMAs (20, 50, 200) and RSI is below 50, indicating bearish momentum. MACD histogram is negative and decreasing. Regime is side-low with very low volatility, suggesting range-bound action, but recent bearish crosses favor short setups. CVD slope is negative, supporting selling pressure.
  setup[1] faf25310  SHORT  size=0.05
    entry_zone: 77450 -> 77530
    take_profit: [77150, 77000]   stop_loss: 77720
    hard:  price < ema_20; price < ema_50; rsi_14 < 50
  -> SKIPPED: regime side-low disallows short
  -> SKIPPED: regime side-low disallows short

PLAN CREATED  2026-05-22 06:45:00  plan=ccd9b8f0  bias=bearish  regime=side-low  setups=0
  rationale: RSI at 36.95 is below 40, MACD histogram is negative and weakening, price is below the 20 and 50 EMAs, recent price action shows a downtrend with lower lows. Side-low regime suggests low volatility but potential for continuation. The strong CVD divergence score (0.67) adds bearish conviction.

PLAN CREATED  2026-05-22 07:45:00  plan=f52c8dfa  bias=bearish  regime=side-low  setups=1
  rationale: Price is below both 20 and 50 EMAs, RSI below 40, recent OHLCV shows persistent selling pressure with lower highs and lower lows. Regime is side-low volatility, but the short-term momentum is negative. CVD slope is negative, indicating distribution. A short setup with tight stop and narrow entry zone can meet the risk-reward criteria.
  setup[1] dcfb5a69  SHORT  size=0.07
    entry_zone: 77380 -> 77420
    take_profit: [77100, 76900]   stop_loss: 77550
    hard:  price < ema_20; price < ema_50; rsi_14 < 40
    soft:  macd_hist < 0 (w0.5); cvd_slope_10 < 0 (w0.3); vol_zscore_20 < 0 (w0.2)
    invalidation: [hard] price >= 77550 (intrabar); [soft] rsi_14 > 50 (on_close)

PLAN CREATED  2026-05-22 08:45:00  plan=334701dd  bias=bearish  regime=side-low  setups=0
  rationale: Price is below all EMAs, RSI at 35.6 (oversold but not extreme), MACD histogram negative and declining, volume not spiking. Regime is side-low volatility. Overall bearish bias but waiting for clearer signal.

PLAN CREATED  2026-05-22 09:45:00  plan=13a19b00  bias=neutral  regime=side-low  setups=0
  rationale: Market is in a side-low regime with low volatility. Price is below all EMAs, RSI is below 50, and MACD histogram is negative. However, CVD slope is positive, suggesting mixed signals. Not a strong setup for directional bias.

PLAN CREATED  2026-05-22 10:45:00  plan=42dd40c8  bias=bearish  regime=side-low  setups=1
  rationale: Price is below all major EMAs (20, 50, 200), RSI is weak (41.69), and recent OHLCV shows a consistent downtrend from 77848 high to current 77282. Regime is side-low with low volatility. CVD slope positive but without momentum confirmation. Short entry near recent resistance with tight stop above recent highs.
  setup[1] ba42e9c8  SHORT  size=0.05
    entry_zone: 77320 -> 77350
    take_profit: [77000, 76800, 76500]   stop_loss: 77450
    hard:  price < ema_20; rsi_14 < 50
    soft:  price < ema_50 (w1)
    invalidation: [hard] price >= 77450 (intrabar)

PLAN CREATED  2026-05-22 11:45:00  plan=27247eda  bias=neutral  regime=side-low  setups=0
  rationale: Price is near EMAs (20,50,200) in a tight range with low volatility. RSI near 50, MACD histogram positive but weak. No clear directional setup with sufficient RR.

PLAN CREATED  2026-05-22 12:45:00  plan=b41a2ba8  bias=bullish  regime=side-low  setups=1
  rationale: Price recovering from 77200 area with bullish momentum composite, RSI above 50, MACD histogram positive and increasing, and price above EMA20 suggesting short-term uptrend. Regime side-low indicates low volatility sideways, but recent price action shows higher lows and a push above 77500, favoring a long bias.
  setup[1] 0eed9672  LONG  size=0.1
    entry_zone: 77490 -> 77510
    take_profit: [77700, 77800]   stop_loss: 77380
    hard:  rsi_14 > 50; macd_hist > 0; price > ema_20
    soft:  momentum_composite > 0.5 (w0.6); price > ema_50 (w0.4)
    invalidation: [hard] price < 77380 (on_close); [warning] rsi_14 < 40 (on_close)
  -> SKIPPED: regime side-low disallows long

PLAN CREATED  2026-05-22 13:30:00  plan=3ac83826  bias=bearish  regime=side-low  setups=1
  rationale: Price is below all EMAs (20,50,200), RSI is bearish at 38, and recent breakdown from 77460 to current 77169.8 with high vol (vol_zscore_20=7.04) suggests selling pressure. Regime side-low with low vol. A short setup aligning with trend is appropriate.
  setup[1] 304a7235  SHORT  size=0.05
    entry_zone: 77169 -> 77220
    take_profit: [76850, 76600]   stop_loss: 77350
    hard:  price < ema_20; rsi_14 < 40; macd_hist <= 0
    soft:  price < ema_50 (w0.8); obv <= 0 (w0.5); vol_zscore_20 > 2 (w0.6)
    invalidation: [hard] price >= 77400 (intrabar); [soft] rsi_14 >= 50 (on_close)

PLAN CREATED  2026-05-22 14:30:00  plan=79d43087  bias=bearish  regime=side-low  setups=1
  rationale: RSI is oversold at 27.77, price is below all EMAs (20, 50, 200) and declining, MACD histogram is negative and widening, volume is elevated on the drop (recent candles show high volume), and the regime is side-low. The trend is clearly bearish in the short term.
  setup[1] c72f5c34  SHORT  size=0.05
    entry_zone: 76788.4 -> 76823.5
    take_profit: [76400, 76100]   stop_loss: 77080
    hard:  rsi_14 < 30; price < ema_20; price < ema_50; macd_hist < 0
    soft:  vol_zscore_20 > 1.5 (w0.7)
    invalidation: [hard] price > 77200 (intrabar)
  -> SKIPPED: regime side-low disallows short

PLAN CREATED  2026-05-22 15:30:00  plan=3f45d391  bias=bearish  regime=side-low  setups=1
  rationale: Price broke below key EMAs (20, 50, 200) and is trending lower with RSI below 30 (oversold but still bearish). MACD histogram negative and decreasing, regime is side-low but momentum is downward. CVD slope positive suggests some divergence, but overall structure is bearish with low volatility allowing potential continuation. A counter-trend bounce is possible given oversold RSI, but bias remains bearish.
  setup[1] 6328e294  LONG  size=0.02
    entry_zone: 76612.1 -> 76685.7
    take_profit: [77069, 77258.6, 77390.1]   stop_loss: 76442
    hard:  rsi_14 < 30; price > ema_200; macd_hist > -60
    soft:  cvd_slope_10 > 0 (w0.5); vol_zscore_20 < 1 (w0.3)
    invalidation: [hard] price <= 76442 (on_close); [warning] rsi_14 >= 40 (intrabar)

PLAN CREATED  2026-05-22 16:30:00  plan=2571c74c  bias=bearish  regime=side-low  setups=1
  rationale: Price is below all major EMs (20, 50, 200) on the 15m timeframe. RSI is bearish (40.5). MACD is negative and histogram is negative. Regime is side-low with low volatility. Recent sharp sell-off from 77.4k to 76.5k and price is hovering near lows. The 15m chart shows lower highs and lower lows. A short setup targeting further downside is justified.
  setup[1] 2271a0a8  SHORT  size=0.1
    entry_zone: 76859.1 -> 76901.5
    take_profit: [76500, 76100]   stop_loss: 76950
    hard:  price < ema_20; price < ema_50; price < ema_200; rsi_14 < 50
    soft:  macd_hist < 0 (w0.5)
    invalidation: [hard] price > 76950 (intrabar)
  -> SKIPPED: regime side-low disallows short

PLAN CREATED  2026-05-22 17:30:00  plan=f1e91b97  bias=neutral  regime=side-low  setups=0
  rationale: The market is in a side-low regime with low volatility. RSI is neutral (45.2), price is below all EMAs (20/50/200), and recent downtrend shows a potential bottoming pattern with a double bottom around 76600. However, there are no strong reversal signals yet; the short-term trend is still bearish but momentum composite is slightly positive. Given the risk limits and no clear opportunity with sufficient RR, no setup is advised.

PLAN CREATED  2026-05-22 18:30:00  plan=a54eb274  bias=bearish  regime=side-low  setups=1
  rationale: Price is trending below all EMAs, RSI is bearish (33), MACD histogram negative, and the recent breakdown from 77400 support suggests downside continuation. Regime is side-low, but momentum is negative.
  setup[1] 0d6a8a6d  SHORT  size=0.05
    entry_zone: 76650 -> 76780
    take_profit: [76000, 75500]   stop_loss: 77000
    hard:  price < ema_50; rsi_14 < 40
    soft:  price < ema_20 (w1); macd_hist < 0 (w0.5)
    invalidation: [hard] price >= 77000 (intrabar); [soft] rsi_14 > 50 (on_close)

PLAN CREATED  2026-05-22 19:30:00  plan=6caa0e9c  bias=bearish  regime=side-low  setups=1
  rationale: Price is below all EMAs, RSI is deeply oversold at 19.3, MACD histogram is negative and decreasing, and recent price action shows a sharp breakdown with high volume. The regime is side-low, but the strong downtrend suggests continued bearish momentum.
  setup[1] 88174db0  SHORT  size=0.1
    entry_zone: 75750 -> 75800
    take_profit: [75000, 74300]   stop_loss: 76250
    hard:  rsi_14 < 30; ema_20 > price; price < ema_50
    soft:  vol_zscore_20 > 2 (w0.3); macd_hist < 0 (w0.4)
    invalidation: [hard] price > 76300 (intrabar)
  -> SKIPPED: regime side-low disallows short

PLAN CREATED  2026-05-22 20:30:00  plan=aecc968a  bias=bearish  regime=side-low  setups=1
  rationale: Price is trading below all major EMAs (20, 50, 200), RSI is oversold at 26, MACD histogram negative and widening, cumulative volume delta slope negative, and price has made consecutive lower highs/lows in recent candles. Regime is side-low volatility, supporting continuation of short-term downtrend.
  setup[1] 2b7dba97  SHORT  size=0.1
    entry_zone: 75891 -> 75930
    take_profit: [75620, 75400]   stop_loss: 76100
    hard:  price < ema_20; rsi_14 < 30; macd_hist < 0
    soft:  cvd_slope_10 < 0 (w0.7); momentum_composite < 0 (w0.5); vol_zscore_20 < 0 (w0.3)
    invalidation: [hard] price > 76150 (on_close); [soft] rsi_14 > 35 (intrabar)
  -> SKIPPED: regime side-low disallows short

PLAN CREATED  2026-05-22 21:30:00  plan=3bc3ccce  bias=bearish  regime=side-low  setups=1
  rationale: Price is below all major EMAs (20, 50, 200) and RSI-14 is oversold at 30.5, indicating bearish momentum. MACD histogram is negative and decreasing. Despite oversold conditions, the trend is bearish with low volatility (regime side-low), suggesting further downside possible. CVD slope is negative, confirming distribution. Bias is bearish but with caution due to plausible short-term bounce.
  setup[1] f83c1fa6  SHORT  size=0.08
    entry_zone: 75900 -> 76100
    take_profit: [74800, 74300]   stop_loss: 76500
    hard:  price < ema_20; rsi_14 < 40; price > 75900
    soft:  macd_hist < 0 (w0.7); cvd_slope_10 < 0 (w0.6); vol_zscore_20 < 0 (w0.4)
    invalidation: [hard] price > 76300 (intrabar); [warning] rsi_14 crosses_above 40 (on_close)
  -> SKIPPED: regime side-low disallows short

PLAN CREATED  2026-05-22 22:30:00  plan=d0ae3ee4  bias=bearish  regime=side-low  setups=1
  rationale: Price is below all EMAs (20,50,200) and RSI 14 is deeply oversold at 22.66, suggesting momentum to the downside. The regime is side-low volatility, so a downtrend continuation is possible. Short setup targets a bounce from oversold conditions with tight risk.
  setup[1] dd623135  SHORT  size=0.05
    entry_zone: 75600 -> 75700
    take_profit: [75200, 74800]   stop_loss: 75920
    hard:  price < ema_20; price < ema_50; rsi_14 < 30
    soft:  macd_hist < 0 (w1)
    invalidation: [hard] price >= 76000 (intrabar)
  -> SKIPPED: regime side-low disallows short

PLAN CREATED  2026-05-22 23:30:00  plan=3783fdeb  bias=bearish  regime=side-low  setups=1
  rationale: Price is below all EMAs (20,50,200) on the 15m timeframe, RSI is bearish at 36.6, and recent OHLCV shows a sharp decline from 77495 to 75637. Regime is side-low with low volatility, but the momentum is clearly bearish. The CVD slope is negative, indicating sell-side pressure.
  setup[1] 138b44a3  SHORT  size=0.08
    entry_zone: 75750 -> 75800
    take_profit: [75400, 75000]   stop_loss: 75950
    hard:  rsi_14 < 40; price < ema_20; price < ema_50
    soft:  cvd_slope_10 < 0 (w0.7); macd_hist < 0 (w0.5)
    invalidation: [hard] price >= 75950 (intrabar)

PLAN CREATED  2026-05-23 00:30:00  plan=fbbc105b  bias=bearish  regime=bear-low  setups=0
  rationale: Price is trading below all key EMAs (20, 50, 200) with bearish alignment and RSI at 26.16 indicating oversold but continued selling pressure. MACD histogram is negative and declining. Regime is bear-low volatility. Price has been making lower lows and lower highs in recent candles. Given the strong downtrend, a short setup is justified but risk limits restrict to one position per symbol and current small ETH position allows a BTC short. Entry zone is set tight near recent lows with stop above recent swing high.

PLAN CREATED  2026-05-23 01:30:00  plan=0560191f  bias=bearish  regime=bear-low  setups=0
  rationale: Price is below all major EMAs (20, 50, 200), RSI at 34.6 (oversold), trend is bear, volatility low. The CVD slope negative and recent price action shows consistent selling pressure. However, given oversold RSI and narrow entry zones, no clear high RR setup is available. Bias is bearish but no trade.

PLAN CREATED  2026-05-23 02:30:00  plan=06b22c45  bias=bearish  regime=bear-low  setups=0
  rationale: Price is below all major EMAs (20, 50, 200) in a bear-low regime. RSI is below 40, MACD histogram positive but still below zero. Short-term momentum remains weak. However, the recent sideways consolidation and low volatility suggest a breakout could occur. Given bear bias, a short setup is considered.

PLAN CREATED  2026-05-23 03:30:00  plan=84c5c096  bias=bearish  regime=bear-low  setups=0
  rationale: Price is below all EMAs (20, 50, 200), RSI below 50, and trend regime is bearish-low volatility. MACD histogram positive but signal still declining, and recent price action shows a sharp drop from 77000 to 75500. Bias remains bearish but low vol suggests choppy range.

PLAN CREATED  2026-05-23 04:30:00  plan=f6d0309c  bias=bearish  regime=bear-low  setups=1
  rationale: Price is below all EMAs, RSI is below 40, trend is bearish, and volume is declining. The recent selloff suggests continuation.
  setup[1] a3c12f5c  SHORT  size=0.1
    entry_zone: 75553.1 -> 75620
    take_profit: [75000, 74700]   stop_loss: 75750
    hard:  price < ema_50; rsi_14 < 40; price < ema_20
    soft:  macd_hist > 0 (w0.5)
    invalidation: [hard] price > 75750 (intrabar)

PLAN CREATED  2026-05-23 05:30:00  plan=ab747a7f  bias=bearish  regime=bear-low  setups=0
  rationale: Price is below all EMAs (20,50,200) with RSI 41.34, MACD hist positive but still bearish cross, trend regime 'bear-low', and recent selloff from 76k to 75.4k. A minor bounce may occur, but overall downward pressure persists.

PLAN CREATED  2026-05-23 06:30:00  plan=105801d4  bias=bearish  regime=bear-low  setups=1
  rationale: Price is below all EMAs (20, 50, 200) and trending lower. RSI at 37 is weak. MACD histogram is positive but small; overall downtrend persists with low volatility. A short continuation setup is favored near resistance.
  setup[1] 45425864  SHORT  size=0.05
    entry_zone: 75450 -> 75500
    take_profit: [75200, 75000]   stop_loss: 75650
    hard:  price < ema_20; price < ema_50; rsi_14 < 40; macd_hist < 0
    soft:  vol_zscore_20 < -0.5 (w0.5); momentum_composite < 0.5 (w0.5)
    invalidation: [hard] price crosses_above ema_20 (intrabar); [warning] rsi_14 crosses_above 60 (intrabar)

PLAN CREATED  2026-05-23 07:30:00  plan=b30d495c  bias=bearish  regime=bear-low  setups=0
  rationale: RSI at 28.28 is deeply oversold, momentum composite negative, price below all EMAs (20,50,200) and trend is bear-low regime. Volume spike (z-score 4.63) suggests selling pressure. However, oversold conditions could lead to a bounce. Given the bearish trend and strong volume, I lean bearish but no setup is triggered due to low RR potential and risk of false bounce.

PLAN CREATED  2026-05-23 08:30:00  plan=8002ee16  bias=bearish  regime=bear-low  setups=0
  rationale: Price is in a strong downtrend with RSI deeply oversold at 13.8, suggesting potential for further decline or a bounce. However, bearish trend and momentum dominate; oversold alone is not a buy signal. No setup with adequate RR is viable given narrow entry zones and potential for continued selling.

PLAN CREATED  2026-05-23 09:30:00  plan=34ef4f69  bias=bearish  regime=bear-low  setups=1
  rationale: RSI is oversold (32.4), price below all EMAs, bearish regime, and recent sharp drop suggests continued downside. However, RSI oversold may cause a bounce, so we look for a short continuation setup on a retracement to resistance.
  setup[1] 4303e812  SHORT  size=0.05
    entry_zone: 74600 -> 74750
    take_profit: [74150, 73800]   stop_loss: 75050
    hard:  price >= 74600; price <= 74750; rsi_14 < 45; price < ema_20
    soft:  rsi_14 < 35 (w1)
    invalidation: [hard] price >= 75050 (intrabar)
----------------------------------------------------------------------------------------
CONFIRM  2026-05-23 09:30:00  plan=34ef4f69 setup=4303e812  action=CONFIRM  size_x=1
  price=74708.9  hard_ok=True  soft_score=1
  reason: Price at 74708.9 is within entry zone 74600-74750, hard rules satisfied, RSI_14=32.4 well below 45, soft rule RSI_14<35 met with score 1.0, momentum and structure favor continuation of short.
TRADE OPENED  2026-05-23 09:30:00  trade=617890f1  plan=34ef4f69 setup=4303e812  SHORT @ 74708.9  size=0.05
  -> EXECUTED — rr 1.64

PLAN CREATED  2026-05-23 10:30:00  plan=61e80828  bias=bearish  regime=bear-low  setups=0
  rationale: Price is below all EMAs (20, 50, 200) with RSI 37 indicating bearish momentum. Regime is bear-low volatility. MACD histogram positive but small, not enough for reversal. Though recent bounce from 74203 low, overall trend down.
TRADE CLOSED  2026-05-23 10:30:00  trade=617890f1  plan=34ef4f69  reason=expiry  pnl=-0.05%

PLAN CREATED  2026-05-23 11:30:00  plan=f86d55b3  bias=bearish  regime=bear-low  setups=0
  rationale: Price is below all key EMAs (20,50,200), RSI below 50, trend regime is bearish-low volatility. Recent sharp drop with high volume indicates selling pressure. Slight bullish MACD histogram crossover suggesting a potential pullback, but overall bias remains bearish.

PLAN CREATED  2026-05-23 12:30:00  plan=463e079b  bias=bearish  regime=bear-low  setups=0
  rationale: Price is below all major EMAs (20, 50, 200) in a bear-low regime. RSI at 38.5 shows bearish momentum, MACD histogram positive but still near zero. Recent sharp drop suggests continued selling pressure, but low vol and mean-reversion risk limit set-ups.

PLAN CREATED  2026-05-23 13:30:00  plan=91c08e01  bias=bearish  regime=bear-low  setups=0
  rationale: Price is below EMAs (20, 50, 200) and trend regime is bearish with low volatility. RSI near neutral, but momentum composite moderately bullish. Recent sharp drop suggests bearish pressure. No clear high-conviction setup due to low volatility and inconclusive indicators; decline may have been overdone, risking a bounce. Staying flat.

PLAN CREATED  2026-05-23 14:30:00  plan=f3171821  bias=bullish  regime=bear-low  setups=1
  rationale: RSI overbought (71.3) but price recovering from bearish regime with volume surge; MACD bullish crossover, positive histogram. Momentum composite positive. Expect continuation towards recent highs above 75,500.
  setup[1] fe090023  LONG  size=0.05
    entry_zone: 75430 -> 75450
    take_profit: [75800, 76000]   stop_loss: 75200
    hard:  rsi_14 > 30; close > ema_20; volume > 2000
    soft:  macd_hist > 0 (w0.3); rsi_14 < 80 (w0.3); vol_zscore_20 > 1.5 (w0.4)
    invalidation: [soft] rsi_14 crosses_below 70 (on_close)
  -> SKIPPED: regime bear-low disallows long

PLAN CREATED  2026-05-23 15:30:00  plan=cae4ae6d  bias=bullish  regime=bear-low  setups=0
  rationale: Price is recovering from a sharp dip near 74200, EMA20 and EMA50 are close with price above both, MACD histogram positive and rising, RSI at 67 showing bullish momentum. Regime is bear-low but recent price action suggests short-term bullish recovery. Low volatility favors trend continuation.

PLAN CREATED  2026-05-23 16:30:00  plan=1756c7c2  bias=bullish  regime=bear-low  setups=1
  rationale: RSI above 60, MACD histogram positive and above signal, price above EMA20 and EMA50, recent recovery from lows, but low volatility and bear regime limit conviction. Considering a cautious long setup with tight risk.
  setup[1] c30d07c9  LONG  size=0.1
    entry_zone: 75450 -> 75480
    take_profit: [75650, 75750, 75850]   stop_loss: 75350
    hard:  rsi_14 > 60; price > ema_20; price > ema_50; macd_hist > 0
    soft:  price > ema_200 (w0.5); momentum_composite > 0.7 (w0.3)
    invalidation: [hard] price < 75350 (intrabar)

PLAN CREATED  2026-05-23 17:30:00  plan=8d5b2c23  bias=neutral  regime=bear-low  setups=0
  rationale: Price is consolidating in a tight range near EMA20/50, RSI is neutral (58.5), volume is low, and regime is bear-low. No clear edge; avoiding forced trade.

PLAN CREATED  2026-05-23 18:30:00  plan=9568b1e1  bias=bullish  regime=bear-low  setups=0
  rationale: Price has rallied strongly from recent lows, breaking above the 20 and 50 EMAs. RSI is overbought at 75.4, indicating strong momentum. MACD histogram positive and rising. Recent OHLCV shows increasing volume on upward moves. However, price is below the 200 EMA (76084), trend is bearish according to regime, so bullish bias is short-term counter-trend. A long setup with tight stop and narrow entry zone can capture momentum while respecting risk limits.

PLAN CREATED  2026-05-23 19:30:00  plan=8ea573de  bias=neutral  regime=bear-low  setups=0
  rationale: Price is near EMA200 and recent high, RSI overbought at 70.87, regime bear-low suggests caution. No clear risk-reward setup with narrow entry zone and sufficient buffer. Recommend no trades.

PLAN CREATED  2026-05-23 20:30:00  plan=4bbc26ac  bias=bullish  regime=bear-low  setups=0
  rationale: Price surged above EMA_20 and EMA_50, RSI is overbought at 82.9, MACD histogram positive and expanding, high volume spike. Short-term momentum is strong but overbought conditions suggest caution. Bias is bullish but no clear entry with favorable risk-reward.

PLAN CREATED  2026-05-23 21:30:00  plan=f2b0a444  bias=neutral  regime=bear-low  setups=0
  rationale: Price surged then retraced, forming a potential pullback. RSI above 60 but not overbought, regime bear-low suggests caution. No clear setup with entry zone and RR meeting min_rr 1.0.

PLAN CREATED  2026-05-23 22:30:00  plan=ac48b8b7  bias=neutral  regime=bear-low  setups=0
  rationale: RSI at 60, price near EMA20 and EMA200, MACD histogram negative but close to zero. Mixed signals in a bear-low volatility regime. No clear high-confidence setup with sufficient RR.

PLAN CREATED  2026-05-23 23:30:00  plan=bb8a1e80  bias=bullish  regime=bear-low  setups=1
  rationale: Price is above both EMA20 and EMA50, RSI above 50, and recent momentum shows bullish continuation. The ATR indicates moderate volatility, and the recent breakout above 76800 suggests strength.
  setup[1] bb6db870  LONG  size=0.05
    entry_zone: 76678 -> 76750
    take_profit: [77250, 77500]   stop_loss: 76500
    hard:  price > ema_20; rsi_14 > 50; close > 76750
    soft:  macd_hist > 0 (w0.5); volume > ema_volume_20 (w0.3)
    invalidation: [hard] price < 76500 (intrabar)

PLAN CREATED  2026-05-24 00:30:00  plan=e3e0a0e5  bias=bullish  regime=bear-low  setups=1
  rationale: Price is above all EMAs, RSI is bullish, and recent price action shows a strong upward movement with high volume. MACD histogram is negative but flattening, suggesting possible momentum shift. Regime is bear-low but price is recovering.
  setup[1] eeaedb7b  LONG  size=0.1
    entry_zone: 76650 -> 76750
    take_profit: [77300, 77600]   stop_loss: 76450
    hard:  price > ema_50; price > ema_200; rsi_14 > 50
    soft:  macd_hist > -50 (w0.5)
    invalidation: [hard] price < 76450 (intrabar); [warning] rsi_14 < 50 (on_close)
  -> SKIPPED: regime bear-low disallows long

PLAN CREATED  2026-05-24 01:30:00  plan=efee5dff  bias=neutral  regime=bear-low  setups=0
  rationale: Price is trading in a tight range near EMA20/50/200 overlap, with RSI at 62.5 indicating slightly bullish momentum but MACD histogram negative. The recent surge to 77284 was followed by a pullback, and ATR is low. No clear trend or setup with sufficient RR given the narrow entry zone requirement and risk limits. Bias is neutral pending clearer directional signals.

PLAN CREATED  2026-05-24 02:30:00  plan=4b664e25  bias=bullish  regime=bear-low  setups=1
  rationale: Price is above all EMAs (20,50,200) and RSI is above 50, indicating bullish momentum. Recent price action shows a strong up move from 75960 to 76800. MACD histogram is negative but MACD line is above signal, suggesting potential bullish crossover. Volume spike on the big candle confirms buying interest. Risk limits allow a small position.
  setup[1] d04cd404  LONG  size=0.05
    entry_zone: 76700 -> 76800
    take_profit: [77400, 78000]   stop_loss: 76500
    hard:  price >= ema_20; rsi_14 > 55; price > ema_200
    soft:  macd > macd_signal (w0.5); obv > 0 (w0.3); vol_zscore_20 > -1 (w0.2)
    invalidation: [hard] price < 76500 (on_close)

PLAN CREATED  2026-05-24 03:30:00  plan=e38cc2f5  bias=neutral  regime=bear-low  setups=0
  rationale: Price is oscillating between EMAs with low volatility and bear regime. RSI near 50, MACD histogram negative but narrowing. No clear directional setup with adequate reward:risk at current levels.

PLAN CREATED  2026-05-24 04:30:00  plan=a9fcbd18  bias=neutral  regime=bear-low  setups=0
  rationale: Price consolidating near 76700 after a sharp rally from 75400 to 77427, but RSI is neutral (54) and MACD histogram is negative. Low volatility regime and bear trend suggest limited upside. CVD slope negative indicates selling pressure. No clear setup with adequate reward:risk.

PLAN CREATED  2026-05-24 05:30:00  plan=1bc29453  bias=neutral  regime=bear-low  setups=0
  rationale: Bearish regime (bear-low) with low volatility and RSI near 50. Recent price action shows consolidation around 76600-76900. MACD histogram negative but narrowing. No clear directional edge.

PLAN CREATED  2026-05-24 06:30:00  plan=f8a2f842  bias=neutral  regime=bear-low  setups=0
  rationale: The market is in a bear-low regime with low volatility. Price is hovering near EMAs (20,50,200) but RSI is neutral (54.5). MACD histogram is negative, and CVD slope is negative, indicating mild bearish pressure. However, price recently recovered from lows and is consolidating. No clear directional setup presents a favorable risk-reward at this time. Thus, no setups are suggested.

PLAN CREATED  2026-05-24 07:30:00  plan=4d7cd709  bias=neutral  regime=side-low  setups=0
  rationale: BTCUSDT is in a side-low regime with low volatility. RSI at 55.6 is neutral, MACD histogram negative, and price is between EMAs. No clear directional edge; avoid forcing a trade.

PLAN CREATED  2026-05-24 08:30:00  plan=1a0ace53  bias=neutral  regime=side-low  setups=0
  rationale: Price is near EMAs (20/50/200) and RSI near 50, indicating no clear directional bias. Low volatility and sideways trend regime suggest waiting for a breakout or better setup.

PLAN CREATED  2026-05-24 09:30:00  plan=bc6e921c  bias=bullish  regime=side-low  setups=1
  rationale: RSI is moderately bullish (60.5), price is above all EMAs (20, 50, 200), and MACD histogram positive. Regime is side-low but recent price action shows higher lows and a break above 76900. Bias is cautiously bullish.
  setup[1] 41e2604a  LONG  size=0.06
    entry_zone: 76900 -> 76950
    take_profit: [77200, 77350]   stop_loss: 76750
    hard:  price >= ema_20; rsi_14 > 50; macd_hist > 0
    soft:  price > ema_50 (w0.5); momentum_composite > 0.5 (w0.5)
    invalidation: [hard] price < 76700 (intrabar); [soft] rsi_14 < 50 (intrabar)
  -> SKIPPED: regime side-low disallows long

PLAN CREATED  2026-05-24 10:30:00  plan=a1cb441f  bias=bullish  regime=side-low  setups=0
  rationale: Price is above all EMAs, MACD histogram is positive and rising, RSI is in bullish territory (above 50), and recent momentum is strong (pr_momentum near 1). Regime is side-low volatility, but the trend is sideways with low volatility, which can precede breakouts. The sharp move up in the last two candles suggests bullish momentum.

PLAN CREATED  2026-05-24 11:30:00  plan=5543c296  bias=neutral  regime=side-low  setups=0
  rationale: RSI at 65 (not overbought), MACD bullish but momentum composite moderate. Price above EMAs 20/50/200, but volatility is low and trend sideways. No clear strong edge due to recent consolidation and low volatility. No trade setup meets risk criteria.

PLAN CREATED  2026-05-24 12:30:00  plan=a9ba9a67  bias=neutral  regime=bull-low  setups=0
  rationale: Price is trading near EMAs (20,50,200) with RSI neutral (54.9) and MACD hist negative. Recent large candle at 10:15 with high volume but price has since retraced. Trend is bull but volatility low, suggesting no clear directional edge. No setup meets risk/reward criteria.

PLAN CREATED  2026-05-24 13:30:00  plan=ec275b4d  bias=neutral  regime=bull-low  setups=0
  rationale: Price is consolidating just below the 20 EMA (77030) after a recent spike, RSI near 50, MACD histogram negative but flattening. Low volatility regime suggests range-bound action. No clear directional edge at the moment.

PLAN CREATED  2026-05-24 14:30:00  plan=1764a477  bias=bearish  regime=bull-low  setups=1
  rationale: RSI is oversold at 30.2, price is below all EMAs (20,50,200), MACD histogram deeply negative, and recent candles show breakdown from 77000 zone. Regime is bull-low but short-term momentum is bearish with price declining. However, given oversold RSI, a sharp bounce is possible. Setup is a short on continuation with tight stop above recent high.
  setup[1] 8f630125  SHORT  size=0.08
    entry_zone: 76400 -> 76480
    take_profit: [76100, 75800]   stop_loss: 76600
    hard:  rsi_14 < 35; price < ema_20; price < ema_50; macd_hist < 0
    soft:  price < ema_200 (w0.5)
    invalidation: [hard] rsi_14 crosses_above 40 (on_close); [hard] price >= 76700 (intrabar)
  -> SKIPPED: regime bull-low disallows short
  -> SKIPPED: regime bull-low disallows short
  -> SKIPPED: regime bull-low disallows short

PLAN CREATED  2026-05-24 15:30:00  plan=5254be0b  bias=neutral  regime=bull-low  setups=0
  rationale: RSI is oversold (32.12) suggesting possible bounce, but MACD histogram is negative and price is below both EMAs (20 and 50), indicating short-term bearishness. The regime is bull-low, but recent price action shows a sharp decline. The combination of oversold RSI and bearish structure suggests waiting for clearer signals rather than forcing a trade.

PLAN CREATED  2026-05-24 16:30:00  plan=17017fa1  bias=bearish  regime=bull-low  setups=1
  rationale: RSI at 40 and price below EMAs, MACD histogram negative, recent selloff from resistance, bearish momentum.
  setup[1] cb5c490f  SHORT  size=0.05
    entry_zone: 76480 -> 76530
    take_profit: [76150, 76300]   stop_loss: 76700
    hard:  rsi_14 < 50; price < ema_50; price < ema_20; macd_hist < 0
    soft:  rsi_14 < 45 (w0.6); vol_zscore_20 < 0 (w0.4)
    invalidation: [hard] price > 76900 (on_close); [warning] rsi_14 crosses_above 50 (on_close)
  -> SKIPPED: regime bull-low disallows short

PLAN CREATED  2026-05-24 17:30:00  plan=cb1058ee  bias=bullish  regime=bull-low  setups=1
  rationale: Price is above all EMAs (20,50,200) with a recent bounce from 76300 support. RSI near neutral, MACD histogram positive and crossing above signal, momentum composite positive. Volume spike at 10:15 suggests bullish pressure. ATR is 0.22% indicating low volatility. Bias is bullish but entry should be on a pullback to EMA or support.
  setup[1] 8bb6d9cc  LONG  size=0.05
    entry_zone: 76530 -> 76600
    take_profit: [76950, 77150, 77300]   stop_loss: 76400
    hard:  price > ema_200; rsi_14 > 30; macd_hist > 0
    soft:  rsi_14 > 40 (w0.5); momentum_composite > 0.5 (w0.5)
    invalidation: [hard] price < 76400 (on_close); [soft] rsi_14 < 30 (on_close)

PLAN CREATED  2026-05-24 18:30:00  plan=d9de8a81  bias=neutral  regime=bull-low  setups=0
  rationale: BTC is in a minor downtrend on the 15m, with price below EMAs and RSI below 50, but volatility is low and the regime is bull-low. No clear setup with adequate risk-reward at the worst-case fill. ATR suggests narrow range; entry zone would be tight and RR may not meet minimum. Waiting for clearer conditions.

PLAN CREATED  2026-05-24 19:30:00  plan=1ee01241  bias=neutral  regime=bull-low  setups=0
  rationale: Low volatility regime with RSI near 50 and mixed MACD histogram positive but price near EMAs. No clear directional edge; recent price action range-bound between 76300 and 77000. Allow setups only if clear entry zone with adequate RR.

PLAN CREATED  2026-05-24 20:30:00  plan=31e894e6  bias=neutral  regime=bull-low  setups=0
  rationale: Price is stuck between converging EMAs (ema_20=76651.7, ema_50=76682.0) with RSI near 50, volume low, and recent volatile drop from ~77k to 76k now coiling. No clear directional edge. Avoid forcing a trade.

PLAN CREATED  2026-05-24 21:30:00  plan=9becd61b  bias=bearish  regime=bull-low  setups=1
  rationale: Price broke below key EMAs and is at a 15m low with RSI oversold. The trend is still bullish on higher timeframe but short-term momentum is bearish. Potential bounce but risk of further downside. Setup for short if price retests resistance.
  setup[1] 74da8b4f  SHORT  size=0.1
    entry_zone: 76280 -> 76450
    take_profit: [75700, 75200]   stop_loss: 76650
    hard:  rsi_14 < 30; price < ema_20; price < ema_50
    soft:  macd_hist < 0 (w0.8); price < ema_200 (w0.5)
    invalidation: [hard] price > 76700 (intrabar)

PLAN CREATED  2026-05-24 22:15:00  plan=bd0564da  bias=neutral  regime=bull-low  setups=0
  rationale: Price is in a choppy range between 76000-77000 with no clear directional conviction. RSI around 55, MACD histogram positive but small, price hovering near EMAs. Regime is bullish but low volatility suggests lack of breakout momentum. Recent downturn from 77327 to 76056 followed by a sharp bounce may indicate indecision. Risk limits allow only one position per symbol and current open position in ETHUSDT prevents new BTCUSDT trade, so no setup is viable.

PLAN CREATED  2026-05-24 23:15:00  plan=4d7619b5  bias=neutral  regime=bull-low  setups=0
  rationale: Price is near EMAs, RSI neutral, MACD histogram positive but small, low volatility regime, no clear directional signal. Risk limits allow one position per symbol, and there is no BTC position yet, but conditions are ambiguous.

PLAN CREATED  2026-05-25 00:15:00  plan=d468c6ab  bias=bullish  regime=bull-low  setups=1
  rationale: Price is above all EMAs, RSI bullish but not overbought, MACD positive and rising, regime is bull-low. Recent dip buyers have pushed price back above 77k. Bias is bullish but waiting for a pullback to a reasonable entry zone.
  setup[1] d54dfa68  LONG  size=0.05
    entry_zone: 77050 -> 77100
    take_profit: [77550, 77800]   stop_loss: 76850
    hard:  price > ema_200; macd_hist > 0
    soft:  rsi_14 >= 50 (w0.5); price < ema_20 (w0.5)
    invalidation: [hard] price < 76800 (on_close)

PLAN CREATED  2026-05-25 01:15:00  plan=d2bc5343  bias=bullish  regime=bull-low  setups=1
  rationale: Price is above all major EMAs (20, 50, 200) with positive MACD histogram. RSI at 59.7 indicates moderate bullish momentum without overextension. Regime is 'bull-low' volatility, supporting trend continuation. Recent price action shows a V-shaped recovery from 76056 to 77139, suggesting buying interest. Bias is bullish but cautious due to moderate RSI and low vol.
  setup[1] 23e4c16d  LONG  size=0.08
    entry_zone: 77100 -> 77150
    take_profit: [77400, 77600, 77800]   stop_loss: 76900
    hard:  price > ema_20; price > ema_50; macd_hist > 0
    soft:  rsi_14 > 50 (w0.4); momentum_composite > 0.5 (w0.3); vol_zscore_20 > -1 (w0.3)
    invalidation: [hard] price <= ema_200 (intrabar); [soft] rsi_14 < 30 (on_close)
----------------------------------------------------------------------------------------
CONFIRM  2026-05-25 01:15:00  plan=d2bc5343 setup=23e4c16d  action=CONFIRM  size_x=1
  price=77139.8  hard_ok=True  soft_score=1
  reason: Hard rules all satisfied, soft score 1.0, price within entry zone, RSI above 50, momentum composite well above 0.5, MACD histogram positive and rising, no invalidation triggered.
TRADE OPENED  2026-05-25 01:15:00  trade=188faabd  plan=d2bc5343 setup=23e4c16d  LONG @ 77139.8  size=0.08
  -> EXECUTED — rr 1.09
TRADE CLOSED  2026-05-25 01:45:00  trade=188faabd  plan=d2bc5343  reason=sl  pnl=-0.31%

PLAN CREATED  2026-05-25 02:15:00  plan=efa71736  bias=bullish  regime=bull-low  setups=0
  rationale: Price is above all EMAs (20,50,200) uptrending regime bull-low with positive MACD histogram and momentum composite >0.5. Recent dip bought up (low 76088) and strong bounce, price consolidating near 77000-77300. Short term overbought? Not extreme (RSI 54), so room for upside continuation. However, ATR is relatively small, so narrow stops possible.

PLAN CREATED  2026-05-25 03:15:00  plan=5fb4b0dd  bias=neutral  regime=bull-low  setups=0
  rationale: Price is near recent highs but RSI is neutral (~52.7), MACD histogram slightly negative, and low volatility regime. No clear edge for a directional setup; waiting for confirmation.

PLAN CREATED  2026-05-25 04:15:00  plan=9e4c5849  bias=bullish  regime=bull-low  setups=1
  rationale: Price is above all EMAs, RSI is neutral-bullish, MACD histogram negative but close to zero, regime is bull-low volatility. Recent price action shows a dip to 76056 then strong recovery, indicating bullish momentum. However, low volatility and slight bearish cross on MACD warrant caution.
  setup[1] 6852e76d  LONG  size=0.05
    entry_zone: 77100 -> 77150
    take_profit: [77550, 77800]   stop_loss: 76900
    hard:  price > ema_20; price > ema_50; rsi_14 > 50
    soft:  macd > macd_signal (w0.5); price > ema_200 (w0.3); vol_zscore_20 > -0.5 (w0.2)
    invalidation: [hard] price < 76900 (intrabar); [warning] rsi_14 < 40 (on_close); [soft] macd_hist < -50 (on_close)

PLAN CREATED  2026-05-25 05:15:00  plan=ba8f1f15  bias=bullish  regime=bull-low  setups=1
  rationale: Trend is bullish, RSI above 50, price above EMAs, and MACD hist positive. Low volatility regime supports continuation.
  setup[1] 220d1c31  LONG  size=0.08
    entry_zone: 77300 -> 77400
    take_profit: [77800, 78000]   stop_loss: 77050
    hard:  rsi_14 > 50; price > ema_20; macd_hist > 0
    soft:  rsi_14 < 70 (w0.5); price > ema_50 (w0.3)
    invalidation: [hard] price < 77050 (intrabar)
----------------------------------------------------------------------------------------
CONFIRM  2026-05-25 05:15:00  plan=ba8f1f15 setup=220d1c31  action=CONFIRM  size_x=1
  price=77360  hard_ok=True  soft_score=1
  reason: All hard rules satisfied (price > ema_20, rsi_14 > 50, macd_hist > 0). Soft score 1.0 indicates strong conviction. Price 77360 within entry zone 77300-77400. Momentum composite 0.90 supports bullish bias.
TRADE OPENED  2026-05-25 05:15:00  trade=355dd259  plan=ba8f1f15 setup=220d1c31  LONG @ 77360  size=0.08
  -> EXECUTED — rr 1.42

PLAN CREATED  2026-05-25 06:15:00  plan=8e450117  bias=bullish  regime=bull-low  setups=1
  rationale: Price is above all EMAs (20,50,200) trending upward, RSI at 54 not overbought, MACD histogram positive, volatility low according to regime. The recent pullback held above 77000 and price bounced. Bias is bullish with potential for continuation towards recent highs.
  setup[1] ffe5bd8b  LONG  size=0.08
    entry_zone: 77182.4 -> 77240
    take_profit: [77500, 77700]   stop_loss: 77050
    hard:  price > ema_20; ema_20 > ema_50; rsi_14 > 50; macd_hist > 0
    soft:  rsi_14 < 70 (w0.5); volume > previous_volume (w0.3); obv > 0 (w0.2)
    invalidation: [hard] price < 77050 (on_close)
TRADE CLOSED  2026-05-25 06:15:00  trade=355dd259  plan=ba8f1f15  reason=expiry  pnl=-0.16%

PLAN CREATED  2026-05-25 07:15:00  plan=6a46d6bd  bias=neutral  regime=bull-low  setups=0
  rationale: Price is near EMAs with low volatility and neutral RSI. No clear directional edge; MACD histogram negative but flattening. Awaiting stronger signal.

PLAN CREATED  2026-05-25 08:15:00  plan=12097059  bias=bullish  regime=bull-low  setups=1
  rationale: Trend is bull, volatility low. Price near EMAs (20,50,200 upward sloping). RSI neutral after dip. MACD hist negative but crossing? Minor pullback likely bought. Bias up but wait for confirmation.
  setup[1] 429961c2  LONG  size=0.05
    entry_zone: 77220 -> 77260
    take_profit: [77550, 77700]   stop_loss: 77100
    hard:  close > ema_50; close > ema_200; rsi_14 > 30; rsi_14 < 70
    soft:  macd_hist > -30 (w0.5); momentum_composite > 0.3 (w0.3)
    invalidation: [hard] close < 77050 (intrabar)

PLAN CREATED  2026-05-25 09:15:00  plan=a29a6194  bias=bullish  regime=bull-low  setups=1
  rationale: RSI above 60, price above all major EMAs (20, 50, 200), MACD histogram positive, trend regime is 'bull' with low volatility. Momentum composite positive. Price near session highs, suggesting bullish continuation.
  setup[1] 04c17634  LONG  size=0.08
    entry_zone: 77475 -> 77485
    take_profit: [77650, 77750, 77900]   stop_loss: 77350
    hard:  rsi_14 > 55; close > ema_20; close > ema_50
    soft:  macd_hist > 0 (w0.5); momentum_composite > 0.5 (w0.3); pr_cvd_divergence > 0.5 (w0.2)
    invalidation: [hard] close < 77350 (on_close); [warning] rsi_14 > 70 (intrabar)
----------------------------------------------------------------------------------------
CONFIRM  2026-05-25 09:15:00  plan=a29a6194 setup=04c17634  action=CONFIRM  size_x=1
  price=77478.8  hard_ok=True  soft_score=1
  reason: All hard rules met; price within entry zone (77478.8 between 77475 and 77485); soft score 1.0; rsi_14 61 (not overbought), macd_hist positive, momentum composite strong; plan bias bullish.
TRADE OPENED  2026-05-25 09:15:00  trade=6dcc8d08  plan=a29a6194 setup=04c17634  LONG @ 77478.8  size=0.08
  -> EXECUTED — rr 1.33
  -> SCALED OUT 0.50 at tp1 @ 77650.0 (leg +0.22%) — stop→breakeven

PLAN CREATED  2026-05-25 10:15:00  plan=a2790dcc  bias=bullish  regime=bull-low  setups=1
  rationale: Price is above all EMAs, RSI bullish (59), trend regime is bull-low, and recent price action shows higher highs with pullbacks finding support. Low volatility supports continuation.
  setup[1] e1c5f016  LONG  size=0.1
    entry_zone: 77460 -> 77520
    take_profit: [77800, 78000]   stop_loss: 77300
    hard:  rsi_14 > 50; price > ema_20; price > ema_50
    soft:  macd_hist > 0 (w0.5); pr_momentum > 0.8 (w0.3); vol_zscore_20 > -1 (w0.2)
    invalidation: [hard] price <= 77250 (intrabar)
TRADE CLOSED  2026-05-25 10:15:00  trade=6dcc8d08  plan=a29a6194  reason=breakeven  pnl=+0.11%
----------------------------------------------------------------------------------------
CONFIRM  2026-05-25 10:15:00  plan=a2790dcc setup=e1c5f016  action=WAIT  size_x=1
  price=77506.4  hard_ok=True  soft_score=1
  reason: Price is near entry zone low and close to stop, rsi_14 has pulled back from overbought but still above 50, macd_hist positive but flat, momentum composite is decent but not strong. Price is not far from stop, risking early stop-out.
  -> SKIPPED: WAIT
----------------------------------------------------------------------------------------
CONFIRM  2026-05-25 10:30:00  plan=a2790dcc setup=e1c5f016  action=CONFIRM  size_x=1
  price=77482.2  hard_ok=True  soft_score=1
  reason: All hard rules passed, soft score is 1.0, momentum composite is healthy (0.75), macd_hist positive and increasing, price above both EMAs, rsi_14 at 57.7 indicating bullish momentum without being overbought. Entry zone 77460-77520 with price at 77482.2 well within. No invalidation triggered. Conviction high.
TRADE OPENED  2026-05-25 10:30:00  trade=5a186506  plan=a2790dcc setup=e1c5f016  LONG @ 77482.2  size=0.1
  -> EXECUTED — rr 1.74

PLAN CREATED  2026-05-25 11:15:00  plan=43cd704b  bias=neutral  regime=bull-low  setups=0
  rationale: Price is near EMAs with low volatility, RSI near 50, no clear momentum. Existing long BTC position limits new trades. No confident setup with sufficient RR given tight risk limits.
TRADE CLOSED  2026-05-25 11:15:00  trade=5a186506  plan=a2790dcc  reason=expiry  pnl=-0.13%

PLAN CREATED  2026-05-25 12:15:00  plan=4d17b3a5  bias=neutral  regime=bull-low  setups=0
  rationale: RSI near 50, price oscillating between EMAs, low volatility. No clear directional signal. Allowed setups empty to avoid forcing trades.

PLAN CREATED  2026-05-25 13:15:00  plan=d9100a5c  bias=neutral  regime=bull-low  setups=0
  rationale: RSI is near 46, MACD histogram is negative, price near EMAs but with low volatility and no clear momentum direction. Recent price action shows consolidation between 77200-77700. Market regime is bull-low, but short-term conditions are mixed, suggesting a neutral bias.

PLAN CREATED  2026-05-25 14:15:00  plan=8c109f67  bias=bullish  regime=bull-low  setups=1
  rationale: Price is above all major EMAs (20, 50, 200) and RSI at 64 indicates bullish momentum without overbought. MACD histogram positive and rising. Regime is bull-low volatility, favoring trend continuation. Price broke above recent consolidation range, targeting prior highs.
  setup[1] 8d15e418  LONG  size=0.08
    entry_zone: 77580.5 -> 77600
    take_profit: [78100, 78400]   stop_loss: 77390
    hard:  rsi_14 > 50; price > ema_20; price > ema_50; price > ema_200; macd_hist > 0
    soft:  momentum_composite > 0.5 (w0.5); pr_rsi > 0.5 (w0.3); pr_atr > 0.1 (w0.2)
    invalidation: [hard] rsi_14 <= 50 (on_close); [warning] macd_hist < 0 (on_close)
----------------------------------------------------------------------------------------
CONFIRM  2026-05-25 14:15:00  plan=8c109f67 setup=8d15e418  action=CONFIRM  size_x=1
  price=77580.5  hard_ok=True  soft_score=1
  reason: All hard rules pass; soft score is maximum (1.0); RSI 14 is strongly bullish at 64.3; MACD histogram positive and rising; price just inside entry zone at 77580.5; momentum composite very high at 0.93; PR indicators all above thresholds. Conditions are strong and aligned with the bullish plan.
TRADE OPENED  2026-05-25 14:15:00  trade=d19f03da  plan=8c109f67 setup=8d15e418  LONG @ 77580.5  size=0.08
  -> EXECUTED — rr 2.73

PLAN CREATED  2026-05-25 15:15:00  plan=4cc96ed4  bias=bullish  regime=bull-low  setups=1
  rationale: Trend is bull, volatility low. RSI neutral, MACD above signal, price above EMAs. Recent price action showing higher highs. Allowed setups only if risk limits met.
  setup[1] 61af5db9  LONG  size=0.1
    entry_zone: 77550 -> 77580
    take_profit: [77880, 78000]   stop_loss: 77450
    hard:  price > ema_20; price > ema_50; rsi_14 > 50; macd_hist > 0
    soft:  momentum_composite > 0.5 (w0.5); obv > 0 (w0.3); cvd_slope_10 > 0 (w0.2)
    invalidation: [hard] price < 77350 (intrabar)
TRADE CLOSED  2026-05-25 15:15:00  trade=d19f03da  plan=8c109f67  reason=expiry  pnl=-0.02%
----------------------------------------------------------------------------------------
CONFIRM  2026-05-25 15:15:00  plan=4cc96ed4 setup=61af5db9  action=CONFIRM  size_x=1
  price=77562.7  hard_ok=True  soft_score=0.7
  reason: Price at 77562.7 is within entry zone (77550-77580), all hard rules pass, momentum composite strong (0.846), MACD hist positive and rising, RSI 58.2 > 50, and soft score 0.7 > 0.5 threshold. No signs of exhaustion or fading.
TRADE OPENED  2026-05-25 15:15:00  trade=8b30b529  plan=4cc96ed4 setup=61af5db9  LONG @ 77562.7  size=0.1
  -> EXECUTED — rr 2.82

PLAN CREATED  2026-05-25 16:15:00  plan=3fb2f281  bias=bullish  regime=bull-low  setups=1
  rationale: BTC is in a bull-low regime with price above all EMAs, RSI bullish mid-range, MACD histogram positive, and recent price consolidating near highs after a sweep of liquidity above 77700. A continuation move is likely.
  setup[1] cae1a4ac  LONG  size=0.1
    entry_zone: 77500 -> 77550
    take_profit: [77800, 77950]   stop_loss: 77350
    hard:  rsi_14 > 50; price > ema_20; price > ema_50; price > ema_200; macd_hist > 0
    soft:  momentum_composite > 0.5 (w0.5)
    invalidation: [hard] price < 77350 (intrabar); [soft] rsi_14 > 70 (on_close)
TRADE CLOSED  2026-05-25 16:15:00  trade=8b30b529  plan=4cc96ed4  reason=expiry  pnl=-0.02%
----------------------------------------------------------------------------------------
CONFIRM  2026-05-25 16:15:00  plan=3fb2f281 setup=cae1a4ac  action=CONFIRM  size_x=1
  price=77549.5  hard_ok=True  soft_score=1
  reason: Price at 77549.5 is within entry_zone (77500-77550), all hard rules satisfied, soft_score=1 above 0.5 threshold, momentum composite 0.62 supports bullish bias, RSI 55 shows room for upside, MACD hist positive and rising.
TRADE OPENED  2026-05-25 16:15:00  trade=0686cfba  plan=3fb2f281 setup=cae1a4ac  LONG @ 77549.5  size=0.1
  -> EXECUTED — rr 1.26

PLAN CREATED  2026-05-25 17:15:00  plan=fb7cc2f3  bias=bullish  regime=bull-low  setups=0
  rationale: Price is above EMAs (20,50,200), RSI is neutral to slightly bullish (57), MACD histogram positive, regime is bull-low volatility. OBV is slightly negative but CVD slope is negative, suggesting mixed volume. However, the trend is up and volatility low, favoring continuation.
TRADE CLOSED  2026-05-25 17:15:00  trade=0686cfba  plan=3fb2f281  reason=expiry  pnl=+0.10%

PLAN CREATED  2026-05-25 18:15:00  plan=e6833dc5  bias=bullish  regime=bull-low  setups=1
  rationale: Price is above all EMAs (20, 50, 200) with EMAs sloping up. RSI is neutral (55.66) with room to run. ATR is low (0.15%), regime is bull-low. Recent candles show a pullback from 77888 area to 77500-77600, now bouncing from 77502.9 low. CVD slope is negative but CVD cumulative is positive, suggesting short-term selling but overall buying. Momentum composite is positive (0.37). Setup targets a long on retracement to EMA support with tight stop.
  setup[1] 635174b2  LONG  size=0.08
    entry_zone: 77550 -> 77650
    take_profit: [77900, 78200]   stop_loss: 77470
    hard:  price > ema_200; rsi_14 > 50; price >= ema_20
    soft:  macd_hist > 0 (w0.5); vol_zscore_20 > -1 (w0.5)
    invalidation: [hard] price < 77470 (intrabar)

PLAN CREATED  2026-05-25 19:15:00  plan=c0933e68  bias=neutral  regime=bull-low  setups=0
  rationale: Price is near both EMA_20 and EMA_50, RSI is neutral at 47.4, MACD histogram is negative but flattening, trend is bullish but volatility is low. Recent price action shows consolidation around 77500 with a slight dip. No clear directional edge; insufficient conditions for a high-confidence setup.

PLAN CREATED  2026-05-25 20:15:00  plan=1563ad28  bias=bearish  regime=bull-low  setups=1
  rationale: Multiple bearish signals: price below all EMAs, RSI below 50, MACD negative with histogram deepening, recent price action showing lower highs and lower lows, and volatility is low suggesting trend persistence. The 15m candle closed at 77399.6, near session lows, confirming weakness.
  setup[1] 4b6b2843  SHORT  size=0.08
    entry_zone: 77490 -> 77500
    take_profit: [77200, 77050]   stop_loss: 77580
    hard:  price < ema_20; rsi_14 < 45
    soft:  macd_hist < 0 (w1); price < ema_50 (w0.8); vol_zscore_20 < 0 (w0.5)
    invalidation: [hard] price > ema_200 (on_close)

PLAN CREATED  2026-05-25 20:30:00  plan=b324ebba  bias=bearish  regime=bull-low  setups=0
  rationale: RSI is below 30 (oversold) but MACD histogram is negative and price has broken below recent support levels. Low volatility regime and bearish momentum suggest potential further downside.

PLAN CREATED  2026-05-25 21:30:00  plan=3935c8e3  bias=bearish  regime=bull-low  setups=1
  rationale: RSI at 38.6 is below 40, price is below both EMA20 and EMA50, and MACD histogram is negative. Regime is bull-low, but recent price action shows a series of lower highs and lower lows, with volume spikes on down moves. A short retracement trade is possible.
  setup[1] a29b37ad  SHORT  size=0.08
    entry_zone: 77270 -> 77320
    take_profit: [77100, 76950]   stop_loss: 77400
    hard:  rsi_14 < 50; price < ema_20; price < ema_50; macd_hist < 0
    soft:  vol_zscore_20 > 1 (w0.5); obv < 0 (w0.5)
    invalidation: [hard] price > 77450 (intrabar)

PLAN CREATED  2026-05-25 22:30:00  plan=e7e1e2b0  bias=bearish  regime=bull-low  setups=1
  rationale: Price is below both EMA20 and EMA50, RSI below 30, MACD histogram negative and widening, and recent OHLCV shows a significant drop on increased volume at 22:30 candle. Low volatility regime suggests continued downside.
  setup[1] 22c940a6  SHORT  size=0.05
    entry_zone: 77157.6 -> 77240
    take_profit: [76600, 76200]   stop_loss: 77390
    hard:  price < ema_20; price < ema_50; rsi_14 < 30
    soft:  macd_hist < 0 (w1); vol_zscore_20 > 2 (w0.5); price < ema_200 (w0.3)
    invalidation: [hard] price >= 77400 (intrabar)

PLAN CREATED  2026-05-25 23:30:00  plan=174591bb  bias=neutral  regime=bull-low  setups=0
  rationale: Price is consolidating near EMAs with bearish MACD histogram and neutral RSI. Trend is bullish but volatility is low. No clear high-confidence setup due to price chopping around EMAs and recent failure at 77800. Wait for clearer direction or a retest of support.

PLAN CREATED  2026-05-26 00:30:00  plan=1bde6c9a  bias=bearish  regime=bull-low  setups=1
  rationale: Price is below all EMAs, RSI is oversold (28.36), MACD histogram negative and diverging, bearish momentum composite, high volume spike (vol_zscore 4.58) suggests selling pressure. Regime is bull-low but the short-term structure is weak and trending lower. A bearish retest of recent breakdown could be profitable.
  setup[1] 528c2abd  SHORT  size=0.05
    entry_zone: 76900 -> 77100
    take_profit: [76400, 76000]   stop_loss: 77300
    hard:  rsi_14 < 35; price < ema_20; price < ema_50; macd_hist < 0
    soft:  momentum_composite < 0 (w0.7); vol_zscore_20 > 2 (w0.5)
    invalidation: [hard] price > 77300 (intrabar); [soft] rsi_14 crosses_above 40 (on_close)

PLAN CREATED  2026-05-26 01:30:00  plan=5e4b5534  bias=bearish  regime=bull-low  setups=1
  rationale: Price is below both EMA20 and EMA50, RSI is oversold at 25.4, MACD histogram negative and declining, and recent candles show a clear downtrend with higher volume on sell-offs. Regime is bull-low but momentum is negative, suggesting a short-term pullback within an uptrend.
  setup[1] 7ea2abd4  SHORT  size=0.05
    entry_zone: 76650 -> 76760
    take_profit: [76000, 75500]   stop_loss: 77200
    hard:  price <= ema_20; rsi_14 < 30; macd_hist < 0
    soft:  price < ema_50 (w0.5); vol_zscore_20 > 0 (w0.3)
    invalidation: [hard] price >= 77300 (intrabar); [warning] rsi_14 > 35 (on_close)

PLAN CREATED  2026-05-26 02:30:00  plan=701ef56a  bias=neutral  regime=bull-low  setups=0
  rationale: RSI is deeply oversold at 27 but price is below all EMAs and MACD histogram is negative. Recent data shows sharp decline with increasing volume, suggesting bearish momentum but oversold conditions may lead to consolidation. Regime is bull-low volatility, indicating potential mean reversion. No clear setup meets risk-reward criteria.

PLAN CREATED  2026-05-26 03:30:00  plan=da13b266  bias=bearish  regime=bull-low  setups=1
  rationale: Price is below all EMAs (20,50,200) with RSI 34.9 indicating oversold but still in downtrend. MACD histogram negative and diverging. Recent high volume down candles and ATR still wide. Regime is bull-low but price action suggests weakness.
  setup[1] afc77513  SHORT  size=0.05
    entry_zone: 76650 -> 76720
    take_profit: [76200, 75800, 75400]   stop_loss: 77000
    hard:  rsi_14 < 40; price < ema_50; macd_hist < 0
    soft:  rsi_14 < 30 (w0.7); price < ema_20 (w0.5)
    invalidation: [hard] price > 76850 (intrabar); [warning] rsi_14 crosses_above 40 (on_close)

PLAN CREATED  2026-05-26 04:30:00  plan=746bfa12  bias=bearish  regime=bull-low  setups=0
  rationale: Price is below all major EMAs (20,50,200) and RSI is weak at 43.23, indicating bearish momentum. Regime is low volatility, bearish trend. Recent OHLCV shows failing rallies. However, setup not triggered yet as entry zone would be too narrow and risk limits may be exceeded by existing ETH position. Awaiting clearer breakdown below 76530 support.

PLAN CREATED  2026-05-26 05:30:00  plan=b387e693  bias=neutral  regime=bull-low  setups=0
  rationale: Price is in a narrow range, RSI neutral (52.87), MACD histogram positive but small, regime is bull-low volatility. Recent price action shows a minor bounce from 76434 to 76880.6, but no strong trend. ATR is low, suggesting controlled risk. No clear setup with adequate RR meets criteria.

PLAN CREATED  2026-05-26 06:30:00  plan=c06d6f48  bias=bullish  regime=bull-low  setups=0
  rationale: Price has recovered from recent lows and is approaching the 20 EMA (76813) from below, RSI at 56 shows bullish momentum, MACD histogram positive and increasing, and regime is bull-low. However, volume is moderate and price is still below the 50 and 200 EMAs, so we look for a confirmed breakout. The recent downtrend has paused with higher lows forming, suggesting potential reversal.

PLAN CREATED  2026-05-26 07:30:00  plan=ec7382f6  bias=bearish  regime=bull-low  setups=1
  rationale: Price is below all EMAs (20, 50, 200) and RSI is weak at 38.86, indicating bearish momentum. The recent drop from 76942 to 76611 also confirms selling pressure. Regime is bull-low but short-term bearish.
  setup[1] b4de6c4f  SHORT  size=0.05
    entry_zone: 76700 -> 76750
    take_profit: [76400, 76300]   stop_loss: 76870
    hard:  price < ema_20; price < ema_50; rsi_14 < 40
    soft:  macd_hist < 0 (w0.5)
    invalidation: [hard] price crosses_above ema_20 (intrabar)

PLAN CREATED  2026-05-26 08:30:00  plan=1aeef2db  bias=neutral  regime=side-low  setups=0
  rationale: Price near 15m EMAs (20/50/200) with RSI ~50, low volatility regime, mixed recent price action with resistance ~76820 and support ~76550. No clear directional edge.

PLAN CREATED  2026-05-26 09:30:00  plan=ef23cc2d  bias=bearish  regime=side-low  setups=0
  rationale: Price is below all EMAs (20, 50, 200), RSI below 50 at 43, MACD histogram positive but small, and recent price action shows lower highs. Volume is low and volatility is low. Overall bearish bias but no strong signal.

PLAN CREATED  2026-05-26 10:30:00  plan=d348c9fe  bias=bullish  regime=side-low  setups=0
  rationale: RSI is overbought (74.19) but MACD histogram is strong positive and price broke out above EMA 50 and EMA 200 with high volume. Regime is side-low but momentum composite is above 1. The recent large green candle suggests strong buying pressure. However, RSI overbought and volatility is low, so a neutral bias with cautious long setup is appropriate.

PLAN CREATED  2026-05-26 11:30:00  plan=2049f319  bias=neutral  regime=side-low  setups=0
  rationale: Price is near 77200 after a sharp recovery from 76500 area, but RSI at 60.6 is not extreme, MACD histogram positive but small, and recovery lacks strong follow-through volume. The regime is side-low volatility, so choppy action likely. No clear high-confidence setup. Waiting for better risk-reward.

PLAN CREATED  2026-05-26 12:30:00  plan=fa740c03  bias=neutral  regime=side-low  setups=0
  rationale: Regime is side-low, RSI neutral at 54, price near EMAs, no strong trend. Recent surge from 76686 to 77548 has pulled back; pullback may continue or range. Reward:risk not compelling for a clear setup. No setups triggered.

PLAN CREATED  2026-05-26 13:30:00  plan=7b2a3239  bias=neutral  regime=side-low  setups=0
  rationale: Price is near recent lows after a sharp move down, RSI 46.28, MACD histogram negative, regime side-low with low volatility. No clear directional edge.

PLAN CREATED  2026-05-26 14:30:00  plan=79f4729e  bias=bearish  regime=side-low  setups=0
  rationale: Price rejected at 78077 high and closed near session lows with high volume, RSI below 50, and MACD hist positive but declining. Regime is side-low with low volatility, suggesting mean reversion. Bearish bias as recent impulsive move may be fading.

PLAN CREATED  2026-05-26 15:30:00  plan=cbbfb973  bias=neutral  regime=side-low  setups=0
  rationale: RSI is below 50 (41.09) indicating bearish momentum, but price is near EMAs (20,50,200) which are tightly clustered, and the regime is side-low volatility. Recent volatility spike suggests uncertainty, no clear directional bias.

PLAN CREATED  2026-05-26 16:30:00  plan=981b59aa  bias=neutral  regime=side-low  setups=0
  rationale: Price is oscillating within a 800-point range (76200-77000) over the past few hours after a sharp spike to 78077 and rejection. RSI(14) at 42.88 is bearish but not oversold. MACD histogram is negative. Regime is side-low volatility. Mixed signals suggest waiting for clearer directional impetus.

PLAN CREATED  2026-05-26 17:30:00  plan=063b3eff  bias=bearish  regime=side-low  setups=1
  rationale: Price is below all EMAs (20, 50, 200), RSI 14 at 34.4 (weak), MACD histogram negative and decreasing, recent OHLCV shows a sharp decline with increased volume. Regime is side-low volatility. Overall bearish bias.
  setup[1] 550bf7c9  SHORT  size=0.08
    entry_zone: 76005.5 -> 76100
    take_profit: [75500, 75200]   stop_loss: 76500
    hard:  rsi_14 < 40; price < ema_20; macd_hist < 0
    soft:  pr_cvd_divergence > 0.8 (w0.3)
    invalidation: [hard] price > ema_50 (on_close)
  -> SKIPPED: regime side-low disallows short

PLAN CREATED  2026-05-26 18:30:00  plan=7f953470  bias=bearish  regime=side-low  setups=1
  rationale: Price is below all EMAs (20, 50, 200) with RSI below 40, MACD histogram negative and deepening, OBV declining, and recent sell-offs breaking below support. The side-low regime suggests low volatility with a downward drift. Entry zone is near a short-term resistance confluence with EMAs, aiming for a continuation bearish move.
  setup[1] 32188807  SHORT  size=0.05
    entry_zone: 75906 -> 76075
    take_profit: [75400, 75000, 74500]   stop_loss: 76300
    hard:  price < ema_20; rsi_14 < 40; macd_hist < 0
    soft:  price < ema_50 (w0.5); price < ema_200 (w0.3); obv < 0 (w0.2)
    invalidation: [hard] price >= ema_20 (intrabar); [soft] rsi_14 >= 50 (on_close)

PLAN CREATED  2026-05-26 19:30:00  plan=e218591d  bias=bearish  regime=side-low  setups=1
  rationale: RSI_14 is 39.83, below 50, and price is below all three EMAs (20, 50, 200). MACD histogram negative and decreasing. Recent lower highs and lower lows. Regime side-low suggests range but momentum composite positive can't outweigh bearish structure. Bias is bearish.
  setup[1] f155d34b  SHORT  size=0.05
    entry_zone: 75980 -> 76020
    take_profit: [75700, 75400]   stop_loss: 76150
    hard:  rsi_14 < 45; price < ema_20; price < ema_50; price < ema_200; macd_hist < 0
    soft:  volume > 1500 (w0.5); atr_pct < 0.005 (w0.3)
    invalidation: [warning] rsi_14 > 60 (on_close); [hard] price > 76200 (intrabar)

PLAN CREATED  2026-05-26 20:30:00  plan=d90641c2  bias=bearish  regime=side-low  setups=1
  rationale: Price is trading below all major EMAs (20, 50, 200), RSI is bearish at 42, and recent price action shows a sharp rejection from 78077 followed by a series of lower highs and lower lows. Regime is side-low with low volatility, but the trend slope is negative. CVD slope positive suggests some buying pressure, but overall structure favors shorts. A short setup can be constructed if price retests the 20 EMA resistance.
  setup[1] c4e012d1  SHORT  size=0.08
    entry_zone: 76190 -> 76250
    take_profit: [75700, 75500]   stop_loss: 76415
    hard:  price >= 76190; price <= 76250; rsi_14 < 50
    soft:  macd_hist < 100 (w0.3)
    invalidation: [hard] price > 76415 (intrabar); [warning] rsi_14 >= 60 (intrabar)

PLAN CREATED  2026-05-26 21:30:00  plan=8ebba4f9  bias=bearish  regime=side-low  setups=1
  rationale: Price is below all EMAs (20, 50, 200) with bearish cross. RSI below 50, MACD bearish. ATR low, low volatility regime. Trend is sideways but price is making lower highs. Short setups favorable.
  setup[1] 000ffb1c  SHORT  size=0.05
    entry_zone: 75980 -> 76020
    take_profit: [75750]   stop_loss: 76200
    hard:  price < ema_20; rsi_14 < 50; macd_hist < macd_signal
    soft:  price > ema_50 (w0.3)
    invalidation: [hard] price crosses_above 76200 (intrabar); [soft] rsi_14 > 70 (on_close)

PLAN CREATED  2026-05-26 22:30:00  plan=688f5d5f  bias=bearish  regime=side-low  setups=0
  rationale: Price is below all EMAs (20, 50, 200) with RSI 37 in bearish territory, and the trend regime is 'side' with low volatility. Recent OHLCV shows consecutive lower highs and lower lows, confirming bearish momentum. After a sharp drop from 78000 to 75700, price is consolidating near lows, suggesting potential continuation. The CVD slope is negative, indicating selling pressure.

PLAN CREATED  2026-05-26 23:30:00  plan=e741a2a6  bias=bearish  regime=bear-low  setups=1
  rationale: Price is below all major EMAs (20, 50, 200) indicating bearish structure. RSI is below 50 at 45, confirming bear momentum. MACD histogram is positive but still in negative territory. Recent price action shows lower highs and lower lows with a breakdown below 76000. Regime is bear-low volatility. Overall bias is bearish.
  setup[1] ed0277aa  SHORT  size=0.1
    entry_zone: 75850 -> 75924.4
    take_profit: [75500, 75200]   stop_loss: 76150
    hard:  rsi_14 < 50; price < ema_20; price < ema_50
    soft:  macd_hist > 0 (w0.5)
    invalidation: [hard] price > 76150 (intrabar); [warning] rsi_14 >= 60 (on_close)
----------------------------------------------------------------------------------------
CONFIRM  2026-05-26 23:30:00  plan=e741a2a6 setup=ed0277aa  action=CONFIRM  size_x=1
  price=75924.4  hard_ok=True  soft_score=1
  reason: Fresh features confirm hard rules: price < ema_20 and < ema_50, rsi_14 < 50 (45.1). Soft rule macd_hist > 0 still holds. Entry price near entry_zone low, stop tight. Momentum composite high (0.69) but rsi_14 is weak, not overbought. Plan bias bearish, setup intact.
TRADE OPENED  2026-05-26 23:30:00  trade=1700b4a6  plan=e741a2a6 setup=ed0277aa  SHORT @ 75924.4  size=0.1
  -> EXECUTED — rr 1.88

PLAN CREATED  2026-05-27 00:30:00  plan=21ca591f  bias=neutral  regime=bear-low  setups=0
  rationale: Price is consolidating near 75900, RSI at 46.4, MACD histogram positive but small, EMAs bearish aligned (20 < 50 < 200). Regime is bear-low with low vol. No clear high-confidence setup with adequate RR given narrow entry zone requirements.
TRADE CLOSED  2026-05-27 00:30:00  trade=1700b4a6  plan=e741a2a6  reason=expiry  pnl=-0.02%

PLAN CREATED  2026-05-27 01:30:00  plan=5bab818e  bias=bearish  regime=bear-low  setups=0
  rationale: Price below all EMAs (20,50,200), RSI below 50, bearish trend and low volatility regime, recent price action shows lower highs and lower lows.

PLAN CREATED  2026-05-27 02:30:00  plan=ad8567ba  bias=bearish  regime=bear-low  setups=0
  rationale: Price is below all major EMAs (20,50,200), RSI is bearish at 36.97, MACD histogram is negative, and the regime is bear-low volatility. Recent price action shows a downtrend with lower highs and lower lows. The market appears weak and likely to continue lower.

PLAN CREATED  2026-05-27 03:30:00  plan=78ebbc2b  bias=bearish  regime=bear-low  setups=0
  rationale: Price is below all EMAs (20, 50, 200) and RSI is weak at 40.47. The regime is bear-low volatility. Recent price action shows consistent lower highs and lower lows. However, short-term MACD histogram is positive, and price is near recent lows, suggesting a possible bounce. Bias is bearish but no clear setup due to low volatility and uncertain risk/reward.

PLAN CREATED  2026-05-27 04:30:00  plan=a4419f09  bias=bearish  regime=bear-low  setups=1
  rationale: Price is below all major EMAs (20, 50, 200) and RSI is deeply oversold at 25.85, indicating strong bearish momentum. Volume is extremely high (z-score 8.35) suggesting panic selling. The regime is bear-low, supporting a short bias. However, RSI oversold warns of potential bounce, so setups must be conservative.
  setup[1] 258e5d66  SHORT  size=0.1
    entry_zone: 75321.6 -> 75400
    take_profit: [75000, 74800]   stop_loss: 75600
    hard:  rsi_14 < 35; price < ema_20; macd_hist < 0
    soft:  obv < 0 (w0.5); vol_zscore_20 > 2 (w0.5)
    invalidation: [warning] rsi_14 crosses_above 30 (on_close); [hard] price > ema_20 (intrabar)
----------------------------------------------------------------------------------------
CONFIRM  2026-05-27 04:30:00  plan=a4419f09 setup=258e5d66  action=CONFIRM  size_x=1
  price=75321.6  hard_ok=True  soft_score=1
  reason: All hard rules met: price below ema_20 (75321.6 < 75740.69), rsi_14 (25.85) well below 35, macd_hist (-36.76) negative. Soft rules both satisfied: obv negative, vol_zscore_20 high (8.35). Price within entry zone (75321.6–75400). Momentum indicators support bearish continuation.
TRADE OPENED  2026-05-27 04:30:00  trade=d33ab183  plan=a4419f09 setup=258e5d66  SHORT @ 75321.6  size=0.1
  -> EXECUTED — rr 1.16
TRADE CLOSED  2026-05-27 05:00:00  trade=d33ab183  plan=a4419f09  reason=breakeven  pnl=+0.00%

PLAN CREATED  2026-05-27 05:30:00  plan=798aacb3  bias=bearish  regime=bear-low  setups=0
  rationale: Price is below all EMAs (20,50,200) in a bear-low regime with low volatility. RSI < 40 suggests bearish momentum. Recent bearish breakdown from 76000+ to 75300 support. Short bias favorable.

PLAN CREATED  2026-05-27 06:30:00  plan=2ba08706  bias=bearish  regime=bear-low  setups=1
  rationale: Price below EMA_200, both EMA_20 and EMA_50 sloping down, bearish regime (bear-low, low vol), CVD slope negative, recent swing high lower, RSI neutral but not oversold, suggesting potential continuation of downtrend.
  setup[1] 9f1917ed  SHORT  size=0.1
    entry_zone: 75795.4 -> 75867.6
    take_profit: [75277.8, 75467, 75603.8]   stop_loss: 76025
    hard:  price < ema_20; price < ema_50; macd_hist < 50; cvd_slope_10 < 0
    soft:  rsi_14 < 60 (w0.5); volume < ema_volume_20 (w0.3); oi_delta_pct_1h < 0 (w0.2)
    invalidation: [hard] price > 76025 (intrabar); [soft] rsi_14 > 70 (on_close)

PLAN CREATED  2026-05-27 07:30:00  plan=d7f5a93b  bias=neutral  regime=bear-low  setups=0
  rationale: Trend is bear but volatility is low; price is consolidating near EMAs. RSI neutral, MACD histogram slightly positive. No clear edge for a high-confidence setup. Allow setups only after clear breakout or momentum shift.

PLAN CREATED  2026-05-27 08:30:00  plan=72c48bae  bias=neutral  regime=bear-low  setups=0
  rationale: Trend is bearish with low volatility, RSI near 50, MACD positive but not extreme, price below EMAs. Recent price action shows consolidation after a drop. No clear directional setup. Awaiting stronger signal.

PLAN CREATED  2026-05-27 09:30:00  plan=7c0cc93e  bias=bullish  regime=bear-low  setups=1
  rationale: RSI recovering from oversold, MACD bullish crossover, price above EMA20 and EMA50, but trend is bear and volatility low. Still, recent price action suggests short-term upside.
  setup[1] bd09e51b  LONG  size=0.05
    entry_zone: 75840 -> 75880
    take_profit: [76200, 76400]   stop_loss: 75680
    hard:  rsi_14 > 50; macd_hist > 0; price > ema_20; price > ema_50
    soft:  momentum_composite > 0.5 (w0.5); pr_momentum > 0.5 (w0.5)
    invalidation: [hard] price < 75680 (intrabar); [soft] rsi_14 < 45 (on_close)

PLAN CREATED  2026-05-27 10:30:00  plan=af57defd  bias=neutral  regime=bear-low  setups=0
  rationale: Mixed signals: RSI near 50, price between EMAs (20&50 above, 200 below), low volatility regime (bear-low), no clear directional catalyst.

PLAN CREATED  2026-05-27 11:30:00  plan=64aadb2a  bias=neutral  regime=bear-low  setups=0
  rationale: Price is below key EMAs (20,50,200) and near recent lows; RSI at 47.8 is neutral; low volatility regime favors mean reversion but trend is bearish. No clear high-confidence setup given narrow zone and RR requirements.

PLAN CREATED  2026-05-27 12:30:00  plan=73aee4aa  bias=neutral  regime=bear-low  setups=0
  rationale: Price is oscillating near EMAs (20,50) with RSI around 53, MACD histogram negative but flattening, and bear-low regime. No clear directional edge; waiting for breakout or stronger momentum.

PLAN CREATED  2026-05-27 13:30:00  plan=50a745ee  bias=bearish  regime=bear-low  setups=1
  rationale: Price is below all major EMAs, RSI is oversold (25.7), MACD histogram deeply negative, and the regime is bear-low. Short-term momentum is negative, but oversold conditions could lead to a bounce. Still, the trend is clearly bearish, favoring shorts on any resistance.
  setup[1] fd605d91  SHORT  size=0.05
    entry_zone: 75050 -> 75150
    take_profit: [74000, 73500]   stop_loss: 75450
    hard:  price < ema_20; price < ema_50; price < ema_200; rsi_14 < 30
    soft:  macd_hist < 0 (w1); momentum_composite < 0 (w0.8)
    invalidation: [hard] price > 75500 (on_close); [soft] rsi_14 > 40 (on_close)

PLAN CREATED  2026-05-27 14:30:00  plan=4e42ea5e  bias=bearish  regime=bear-low  setups=1
  rationale: Price is below all EMAs (20, 50, 200) with RSI at 36 (oversold region but still bearish). MACD histogram is negative and expanding downward. Recent price action shows a sharp drop from 76000 area to 75000, with high volume. Trend is bearish, volatility low. Momentum composite is positive but insufficient to reverse the downtrend. The regime cell is bear-low, suggesting continued downside with low volatility.
  setup[1] 6196a182  SHORT  size=0.1
    entry_zone: 75090 -> 75150
    take_profit: [74500, 74000]   stop_loss: 75300
    hard:  rsi_14 < 50; price < ema_20; macd_hist < 0
    soft:  price > ema_50 (w0.5); macd_hist crosses_below 0 (w0.3)
    invalidation: [hard] price > 75400 (intrabar); [warning] rsi_14 > 60 (on_close)

PLAN CREATED  2026-05-27 15:30:00  plan=a719d650  bias=bearish  regime=bear-low  setups=1
  rationale: Price is below all EMAs (20, 50, 200), RSI below 50, MACD negative and below signal, and the regime is bearish-low volatility. Despite a slight bounce from recent lows, the overall trend remains bearish.
  setup[1] dd884bb9  SHORT  size=0.08
    entry_zone: 75600 -> 75700
    take_profit: [74100, 73500, 72800]   stop_loss: 76100
    hard:  price < ema_20; price < ema_50; price < ema_200; rsi_14 < 50; macd_hist < 0
    soft:  price < 75179.1 (w1)
    invalidation: [hard] price >= 76100 (intrabar); [soft] rsi_14 >= 70 (on_close)

PLAN CREATED  2026-05-27 16:30:00  plan=dfdb4384  bias=bearish  regime=bear-low  setups=0
  rationale: Price is below all EMAs (20,50,200), RSI is bearish (42), MACD histogram positive but tiny, trend bear-low regime, recent volatility low. A bearish continuation setup is possible but RR is tight; given low volatility, no clear entry with sufficient edge, so no trades.

PLAN CREATED  2026-05-27 17:30:00  plan=29a4b8f2  bias=bearish  regime=bear-low  setups=1
  rationale: Price is below all EMAs, RSI < 40 in bear-low regime, MACD histogram negative. Recent price action shows a breakdown from 75000 zone with increasing volume. Bearish momentum is intact.
  setup[1] 5e14b2da  SHORT  size=0.08
    entry_zone: 74880.4 -> 75015.1
    take_profit: [74300, 74000]   stop_loss: 75300
    hard:  price < ema_20; rsi_14 < 40; macd_hist < 0
    soft:  price < ema_50 (w0.5); vol_zscore_20 > 0 (w0.3)
    invalidation: [hard] price > ema_20 (on_close); [warning] rsi_14 > 50 (on_close)
----------------------------------------------------------------------------------------
CONFIRM  2026-05-27 17:30:00  plan=29a4b8f2 setup=5e14b2da  action=CONFIRM  size_x=1
  price=74880.4  hard_ok=True  soft_score=0.625
  reason: Entry zone met at low edge, price below EMA20 and EMA50, RSI<40, MACD hist negative, volume above avg z-score, all hard rules pass. Fresh features confirm bearish momentum.
TRADE OPENED  2026-05-27 17:30:00  trade=e5fc885c  plan=29a4b8f2 setup=5e14b2da  SHORT @ 74880.4  size=0.08
  -> EXECUTED — rr 1.38

PLAN CREATED  2026-05-27 18:30:00  plan=d0b69286  bias=bearish  regime=bear-low  setups=0
  rationale: Price is below all EMAs (20,50,200) in a bear regime with low volatility. RSI is neutral-bearish (43.5) and MACD hist is negative. Recent price action shows lower highs and lower lows. Existing short position is already open. Conditions favor continuation of bearish trend but no new setup is triggered due to risk constraints and existing position.
TRADE CLOSED  2026-05-27 18:30:00  trade=e5fc885c  plan=29a4b8f2  reason=expiry  pnl=-0.10%

PLAN CREATED  2026-05-27 19:30:00  plan=1a90630d  bias=bearish  regime=bear-low  setups=0
  rationale: Price is below all EMAs, RSI below 50, bear regime, and recent price action shows lower highs after a selloff. A bounce from the 75000 support area is possible but the overall trend remains bearish.

PLAN CREATED  2026-05-27 20:30:00  plan=62471465  bias=neutral  regime=bear-low  setups=0
  rationale: Price consolidating near the 20 and 50 EMAs with mixed momentum. RSI near 50, MACD histogram positive but signal line still negative. Low volatility regime and bear trend suggest caution. No clear high-probability setup that satisfies risk limits.

PLAN CREATED  2026-05-27 21:30:00  plan=1c52645b  bias=bearish  regime=bear-low  setups=0
  rationale: RSI below 30 (33.13) indicates oversold but trend is bearish with price below all EMAs. High volume spike on breakdown suggests strong selling. Low volatility regime. Potential short continuation, but RSI oversold may cause bounce. Wait for retest of broken support before shorting.

PLAN CREATED  2026-05-27 22:30:00  plan=8fb93329  bias=bearish  regime=bear-low  setups=0
  rationale: Price is below EMA_20, EMA_50, and EMA_200; RSI is bearish at 38; MACD histogram negative and deepening; recent bearish momentum with lower highs; regime is bear-low volatility. Bias is bearish but current price is near support, so no immediate setup triggered.

PLAN CREATED  2026-05-27 23:30:00  plan=89c0976b  bias=bearish  regime=bear-low  setups=0
  rationale: RSI is oversold at 35 but overall trend is bearish (price below all EMAs, regime bear-low). Recent breakdown from 75k to 74k with high volume suggests further downside. However, RSI oversold and close to support may cause a bounce. Bias is bearish but no clear setup with adequate RR due to narrow potential entry zone and risk of whipsaw.

PLAN CREATED  2026-05-28 00:30:00  plan=98f978b0  bias=bearish  regime=bear-low  setups=0
  rationale: Price is below all EMAs (20, 50, 200) in a bear-low volatility regime. RSI is 43.7 (bearish zone). Recent sharp drop from 75k to 74k with high volume suggests selling pressure. However, price is near local support and volatility is low, so risk/reward for shorts is tight. Best to wait for lower entry or a bounce to short again. No setup meets min_rr with sufficient confidence.

PLAN CREATED  2026-05-28 01:30:00  plan=3e60a1e9  bias=bearish  regime=bear-low  setups=1
  rationale: Price is below all EMAs (20/50/200), RSI_14 at 34.3 (weak), bearish regime (bear-low volatility). Recent sharp decline from 75k to 74.2k with high volume (5k+ at 21:30) suggests continuation down. Bias short.
  setup[1] 03aed353  SHORT  size=0.08
    entry_zone: 74330 -> 74550
    take_profit: [73500, 73000]   stop_loss: 74810
    hard:  rsi_14 < 40; ema_20 > price; price < ema_50
    soft:  macd_hist < 0 (w0.5); vol_zscore_20 < -0.5 (w0.3)
    invalidation: [hard] price > 74810 (intrabar); [soft] rsi_14 crosses_above 50 (on_close)

PLAN CREATED  2026-05-28 02:30:00  plan=2b402c70  bias=bearish  regime=bear-low  setups=1
  rationale: Price is below all EMAs (20,50,200) indicating bear trend. RSI 37 is weak, MACD histogram barely positive but in bearish territory. CVD slope negative and volume declining. Regime is bear-low volatility. Recent price making lower lows. Setting up a short trade aligned with trend.
  setup[1] b4322c48  SHORT  size=0.08
    entry_zone: 74300 -> 74350
    take_profit: [73700, 73200]   stop_loss: 74650
    hard:  close < ema_20; rsi_14 < 40; macd < macd_signal
    soft:  momemtum_composite >= 0.3 (w0.5); close < ema_50; cvd_slope_10 < 0 (w0.3)
    invalidation: [hard] close > ema_200 (intrabar); [warning] rsi_14 crosses_above 50 (on_close)

PLAN CREATED  2026-05-28 03:30:00  plan=3ddfd7fc  bias=bearish  regime=bear-low  setups=1
  rationale: RSI 14 is deeply oversold at 20.72, price is below all EMAs (20, 50, 200) with bearish regime and low volatility. A sharp sell-off on high volume suggests potential for a short-term bounce, but the overriding trend is bearish. The high volume spike and oversold RSI could lead to a dead cat bounce, so a short setup targeting a lower leg is preferred.
  setup[1] f6928b8c  SHORT  size=0.06
    entry_zone: 73712.4 -> 73800
    take_profit: [72800, 72300]   stop_loss: 74100
    hard:  rsi_14 < 30; price < ema_20; vol_zscore_20 > 2
    soft:  macd_hist < 0 (w0.5); pr_vol_zscore > 0.8 (w0.5)
    invalidation: [hard] price >= 74200 (intrabar)

PLAN CREATED  2026-05-28 04:30:00  plan=2f2ec1ec  bias=bearish  regime=bear-low  setups=0
  rationale: Price is trading well below all major EMAs (20, 50, 200), RSI at 24 (oversold) but with strong bearish momentum (MACD histogram deeply negative, price making lower lows). Regime is bear-low with low volatility but trend is clearly down. The recent sharp decline suggests potential for a bearish continuation bounce or consolidation. Despite oversold RSI, the overall structure is bearish, so bias is bearish with no immediate reversal setup.

PLAN CREATED  2026-05-28 05:30:00  plan=8935b622  bias=bearish  regime=bear-low  setups=1
  rationale: RSI_14 is deeply oversold at 25.09, price is below all major EMAs (20, 50, 200), and the regime is bear-low. Momentum composite is neutral but CVD slope is negative, suggesting bearish pressure. However, extreme RSI may cause a bounce, so a short setup is only considered near resistance.
  setup[1] b5c9df09  SHORT  size=0.05
    entry_zone: 73050 -> 73150
    take_profit: [72500, 72000]   stop_loss: 73400
    hard:  rsi_14 < 30; price < ema_50; price < ema_20
    soft:  macd_hist < 0 (w0.7); cvd_slope_10 < 0 (w0.5)
    invalidation: [hard] price > 73400 (intrabar); [warning] rsi_14 crosses_above 30 (on_close)

PLAN CREATED  2026-05-28 06:30:00  plan=d21d9e07  bias=bearish  regime=bear-low  setups=0
  rationale: Price is in a sharp downtrend on the 15m chart, with RSI deeply oversold at 23.2, but momentum composite (pr_momentum) is only weakly positive. Recent histogram (MACD) is still negative. Regime is bear-low volatility. However, due to the oversold condition and potential for a bounce, no high-confidence setup emerges. The market bias is bearish but setups are empty to avoid forcing a trade.

PLAN CREATED  2026-05-28 07:30:00  plan=cf5d48b3  bias=bearish  regime=bear-low  setups=0
  rationale: Price is below both 50 and 200 EMAs, trend is bear regime with low volatility, RSI near 50 (neutral), MACD hist positive but macd line below signal. Recent drop suggests bearish momentum, but no clear entry opportunity with favorable RR given narrow entry zone requirements.

PLAN CREATED  2026-05-28 08:30:00  plan=b48cfb73  bias=bearish  regime=bear-low  setups=0
  rationale: Price is below all major EMAs (20,50,200) after a sharp decline from ~75200 to ~73200. RSI is bearish at 42.6, MACD histogram positive but signal is still negative. Trend is bearish, volatility low. Momentum composite bullish but CVD divergence suggests weakening. Overall bias remains bearish but risk/reward for shorts is poor near support.

PLAN CREATED  2026-05-28 09:30:00  plan=2ac90e60  bias=neutral  regime=bear-low  setups=0
  rationale: Price is consolidating near 73460 with RSI neutral (51.6) and mixed EMAs (20 above 50 but 200 far above). Regime is bear-low volatility. No clear directional edge.

PLAN CREATED  2026-05-28 10:30:00  plan=5469f8df  bias=neutral  regime=bear-low  setups=0
  rationale: Price is hovering near EMA20 and EMA50, MACD histogram positive but momentum composite moderate. Regime is bear-low volatility, so no strong directional edge. No setup meets RR requirements at worst-case fill.

PLAN CREATED  2026-05-28 11:30:00  plan=62a3086e  bias=neutral  regime=bear-low  setups=0
  rationale: Price is near EMAs (20,50) with bearish regime but low volatility and mixed indicators (RSI neutral, MACD hist positive). No clear edge for a setup.

PLAN CREATED  2026-05-28 12:30:00  plan=c16c7430  bias=neutral  regime=bear-low  setups=0
  rationale: Price is oscillating around flat EMAs, RSI near 50, MACD hist positive but small. Regime is bear-low. No clear directional edge; avoid forcing a trade.

PLAN CREATED  2026-05-28 13:30:00  plan=16401632  bias=bearish  regime=bear-low  setups=0
  rationale: Price is below all EMAs (20, 50, 200), RSI at 29.6 (oversold), MACD histogram negative and declining, high volume on the down move (vol_zscore 4.46). Regime is bear-low. Recent OHLCV shows sharp decline from ~73400 to 72755. Bias is bearish but oversold RSI suggests caution for new shorts.

PLAN CREATED  2026-05-28 14:30:00  plan=b891bb4a  bias=bearish  regime=bear-low  setups=1
  rationale: Price is below all EMAs, RSI is below 40, and trend is bearish with low volatility. Short-term momentum is weak. A short setup targeting a retest of recent lows is justified. The entry zone is narrow around current price, with stop above the recent swing high and take profit at previous support.
  setup[1] 554edbd1  SHORT  size=0.1
    entry_zone: 72760.9 -> 72900
    take_profit: [72400]   stop_loss: 73100
    hard:  price <= 72900; rsi_14 < 40; ema_20 > price; ema_50 > price
    soft:  macd_hist < 0 (w0.7); obv < 0 (w0.3)
    invalidation: [hard] price >= 73200 (intrabar)
----------------------------------------------------------------------------------------
CONFIRM  2026-05-28 14:30:00  plan=b891bb4a setup=554edbd1  action=CONFIRM  size_x=1
  price=72828.9  hard_ok=True  soft_score=1
  reason: Price at 72828.9 is inside entry zone 72760.9-72900.0 and below EMA20/50 (both > price). RSI 38.6 < 40, MACD histogram negative, OBV negative. All hard rules pass, soft score 1.0. Plan bias bearish aligns.
TRADE OPENED  2026-05-28 14:30:00  trade=64fd269c  plan=b891bb4a setup=554edbd1  SHORT @ 72828.9  size=0.1
  -> EXECUTED — rr 1.58
TRADE CLOSED  2026-05-28 15:00:00  trade=64fd269c  plan=b891bb4a  reason=sl  pnl=-0.37%

PLAN CREATED  2026-05-28 15:30:00  plan=eabf0cf9  bias=bearish  regime=bear-low  setups=0
  rationale: BTC is in a bear trend with low volatility, price below all key EMAs, RSI below 50, MACD negative and histogram declining. Recent price action shows a downward drift with no clear reversal signal. The regime is bear-low, suggesting limited upside momentum. No reliable long setup with adequate reward:risk; short setups are considered but current price near recent lows with narrow entry zones and lack of confirmation. No trade is justified.

PLAN CREATED  2026-05-28 16:30:00  plan=83711adb  bias=neutral  regime=bear-low  setups=0
  rationale: BTC is in a bear-low regime with low volatility, price near the EMA20 and EMA50, RSI neutral at 54.6, and MACD histogram slightly positive but small. Recent price action shows choppy consolidation around 73000-73500. No clear directional edge; high uncertainty due to recent large wicks. Waiting for a clearer setup.

PLAN CREATED  2026-05-28 17:30:00  plan=30b5372d  bias=bullish  regime=bear-low  setups=1
  rationale: Price recently bounced from the 72556 low, reclaimed 73000, and is now consolidating near 73446. RSI is neutral (56.7), but MACD histogram turned positive and MACD line crossed above signal, indicating bullish momentum. Volume is moderate; ATR is low (0.35%) suggesting a potential breakout. Bias is cautiously bullish, expecting continuation towards 73800-74000.
  setup[1] c22da53a  LONG  size=0.05
    entry_zone: 73400 -> 73460
    take_profit: [73800, 74000]   stop_loss: 73150
    hard:  price >= 73400; price <= 73460; macd_hist > 0
    soft:  rsi_14 > 50 (w0.5); price > ema_20 (w0.3); vol_zscore_20 > -1 (w0.2)
    invalidation: [hard] price < 73150 (intrabar)
  -> SKIPPED: regime bear-low disallows long

PLAN CREATED  2026-05-28 18:30:00  plan=3cab1197  bias=neutral  regime=bear-low  setups=0
  rationale: Price is in a tight range near the 20 and 50 EMA, with neutral RSI and declining volume. The recent bearish trend is still present but momentum is showing a slight bullish divergence. The low volatility regime and lack of clear catalyst suggest a neutral bias.

PLAN CREATED  2026-05-28 19:30:00  plan=41f9fb97  bias=neutral  regime=bear-low  setups=0
  rationale: Price is chopping around EMAs (20,50) with low volatility and a bearish long-term EMA200 slope. RSI neutral, MACD positive but narrowing. Recent selloff and recovery suggest no clear directional edge. Risk limits and capital are best preserved waiting for a clearer setup.

PLAN CREATED  2026-05-28 20:30:00  plan=f7101091  bias=bullish  regime=bear-low  setups=1
  rationale: Price is above both EMA20 and EMA50, RSI is above 50, MACD histogram positive and rising. Recent price action shows a bounce from the 72500 support zone and a recovery above 73400. The bear-low regime suggests caution, but the recovery momentum supports a short-term long bias.
  setup[1] 62e37082  LONG  size=0.05
    entry_zone: 73620 -> 73669.7
    take_profit: [73900, 74000]   stop_loss: 73450
    hard:  rsi_14 > 50; price > ema_20; price > ema_50
    soft:  macd_hist > 0 (w0.5); vol_zscore_20 > -1 (w0.3); momentum_composite > 0.5 (w0.2)
    invalidation: [hard] price <= 73450 (on_close); [soft] rsi_14 < 40 (on_close)
  -> SKIPPED: regime bear-low disallows long
  -> SKIPPED: regime bear-low disallows long
  -> SKIPPED: regime bear-low disallows long

PLAN CREATED  2026-05-28 21:30:00  plan=a927587e  bias=bullish  regime=bear-low  setups=0
  rationale: RSI bullish at 64.8, price above EMAs (20/50), MACD histogram positive and rising, recent price recovered from dip near 72556 to 73877.8 above EMAs. Strong momentum and bullish structure with minor bearish regime connotation.

PLAN CREATED  2026-05-28 22:30:00  plan=5151d806  bias=neutral  regime=bear-low  setups=0
  rationale: RSI near 50, price between EMA20 and EMA50, bear-low regime, recent price decline from 73878 to 73472. No clear setup with favorable RR at worst-case fill.

PLAN CREATED  2026-05-28 23:30:00  plan=e0b47ccd  bias=neutral  regime=bear-low  setups=0
  rationale: Price oscillating within a narrow range around the 20 and 50 EMAs. RSI near 50, MACD histogram negative but flattening. Regime is bear-low volatility, no clear directional edge. No setup meets risk-reward criteria with tight entry zone.

PLAN CREATED  2026-05-29 00:30:00  plan=3d1aea6e  bias=neutral  regime=bear-low  setups=0
  rationale: BTC in bear regime, low volatility, mixed momentum. RSI near 60 neutral, price near EMAs but below EMA200. Volume low. No clear directional setup.

PLAN CREATED  2026-05-29 01:30:00  plan=85aa906d  bias=neutral  regime=bear-low  setups=0
  rationale: Price near EMAs with low volatility, bear regime but RSI neutral. No clear edge for a setup with sufficient RR given tight entry zone requirements.

PLAN CREATED  2026-05-29 02:30:00  plan=c5f70292  bias=bearish  regime=bear-low  setups=1
  rationale: Price is below all major EMAs (20, 50, 200) and RSI is below 50, indicating bearish momentum. MACD histogram is negative and declining. Regime is bear-low, suggesting low volatility downtrend. Recent price action shows a rejection from the 73800 area and a drop below 73400, confirming short-term weakness.
  setup[1] b9070361  SHORT  size=0.08
    entry_zone: 73295 -> 73315
    take_profit: [73000, 72800]   stop_loss: 73475
    hard:  close < ema_20; rsi_14 < 50; macd_hist < 0
    soft:  close < ema_50 (w0.5); close < ema_200 (w0.3)
    invalidation: [hard] close > 73500 (intrabar); [warning] rsi_14 > 50 (on_close)

PLAN CREATED  2026-05-29 03:30:00  plan=f2d19df4  bias=bearish  regime=bear-low  setups=0
  rationale: Price is below 200 EMA, RSI below 50, MACD histogram negative, bear regime with low volatility. Short-term bounce likely limited under 200 EMA.

PLAN CREATED  2026-05-29 04:30:00  plan=7721b2b4  bias=neutral  regime=bear-low  setups=0
  rationale: RSI near 50, price inside EMA cloud, MACD negative but narrowing, bear-low regime with low volatility. No clear directional setup; waiting for a breakout or confirmation.

PLAN CREATED  2026-05-29 05:30:00  plan=b1d56867  bias=neutral  regime=bear-low  setups=0
  rationale: RSI near 50, price near EMAs, MACD histogram positive but MACD still negative, bear regime with low volatility. No clear directional conviction.

PLAN CREATED  2026-05-29 06:30:00  plan=f3c6f682  bias=neutral  regime=bear-low  setups=0
  rationale: Price is in a narrow range around 73600, between ema_20 and ema_50, with rsi_14 neutral (56.8). MACD histogram positive but small. Trend is bearish (regime), but short-term momentum appears mixed. No clear opportunity with adequate RR given the narrow entry zone constraint.

PLAN CREATED  2026-05-29 07:30:00  plan=6fbd4ec3  bias=neutral  regime=bear-low  setups=0
  rationale: Price near EMAs (20/50) but below 200 EMA, RSI mid-range, regime bear-low, low volatility. No clear directional edge; waiting for confirmation.

PLAN CREATED  2026-05-29 08:30:00  plan=f7c1445d  bias=bullish  regime=bear-low  setups=1
  rationale: RSI above 50, MACD bullish crossover, price above EMAs 20/50, momentum positive, but trend regime is bear-low and price below EMA200. Mixed signals, slight bullish bias.
  setup[1] 56b5cafc  LONG  size=0.05
    entry_zone: 73770 -> 73790
    take_profit: [73950, 74120]   stop_loss: 73650
    hard:  rsi_14 > 50; close > ema_20; close > ema_50; macd_hist > 0
    soft:  momentum_composite > 0.5 (w0.5)
    invalidation: [hard] close < ema_20 (on_close)
  -> SKIPPED: regime bear-low disallows long
  -> SKIPPED: regime bear-low disallows long

PLAN CREATED  2026-05-29 09:30:00  plan=186a0de6  bias=neutral  regime=bear-low  setups=0
  rationale: BTC in bear trend, low volatility, RSI neutral around 56, price below 200 EMA, mixed signals. No clear high-confidence setup with adequate reward:risk at worst-case fill. Bias neutral.

PLAN CREATED  2026-05-29 10:30:00  plan=ab6a92f8  bias=neutral  regime=bear-low  setups=0
  rationale: Price is oscillating near the EMA_20 and EMA_50, RSI is neutral, MACD histogram negative, volume low. No clear directional conviction. Recent range-bound action suggests waiting for a breakout.

PLAN CREATED  2026-05-29 11:30:00  plan=928c0d5a  bias=bearish  regime=bear-low  setups=0
  rationale: Price is below all major EMAs (20,50,200), RSI<40, MACD negative and below signal, volume below average, and regime indicates bear-low. Recent candles show rejection at 73800 resistance and a drop to 73455. Bias is bearish but no clear entry setup due to low momentum and lack of confirmation.

PLAN CREATED  2026-05-29 12:30:00  plan=a7d16b7f  bias=bearish  regime=bear-low  setups=1
  rationale: Price is below all EMAs (20, 50, 200), RSI is low but not oversold, MACD histogram negative and declining, OBV negative (distribution), and the regime is bear-low volatility. This suggests continued bearish momentum but with low volatility, warranting a short entry on a small bounce.
  setup[1] f9426784  SHORT  size=0.05
    entry_zone: 73380 -> 73450
    take_profit: [73000, 72800]   stop_loss: 73600
    hard:  close < ema_20; ema_20 < ema_50; macd_hist < 0
    soft:  rsi_14 < 40 (w0.5); obv < 0 (w0.3); vol_zscore_20 > 0.5 (w0.2)
    invalidation: [hard] close > 73600 (on_close); [soft] rsi_14 > 50 (on_close)

PLAN CREATED  2026-05-29 13:30:00  plan=04194a2c  bias=bearish  regime=bear-low  setups=0
  rationale: Price is below all EMAs (20, 50, 200), RSI is weak (~40), MACD histogram negative and decreasing, volume spike suggests selling pressure. Regime is bear-low. However, recent price is near a potential support zone and the CVD slope is negative but volume spike may indicate capitulation. Bias is bearish but no clear high-confidence setup with adequate RR given narrow zone constraints.

PLAN CREATED  2026-05-29 14:30:00  plan=090f6a2d  bias=bearish  regime=bear-low  setups=0
  rationale: The asset is in a bear regime with low volatility. RSI is deeply oversold at 24.5, but price is below all EMAs and MACD histogram is negative. Momentum composite is negative. Recent OHLCV shows a breakdown from 73700 area to current 72619.7. A short bounce could be expected, but the trend is down.

PLAN CREATED  2026-05-29 15:30:00  plan=f1629c04  bias=bullish  regime=bear-low  setups=1
  rationale: RSI above 60 and MACD histogram positive suggest short-term bullish momentum. Price is above EMA_20 and EMA_50, and recent sharp recovery from lows around 72600 to 73700 indicates buyer strength. Regime is bear-low but volatility is low, so a limited long setup with tight stop is acceptable.
  setup[1] 14bf4820  LONG  size=0.1
    entry_zone: 73700 -> 73850
    take_profit: [74300, 74500]   stop_loss: 73450
    hard:  rsi_14 > 50; macd_hist > 0; price > ema_20
    soft:  vol_zscore_20 > 1.5 (w0.3)
    invalidation: [hard] price < 73450 (on_close)
  -> SKIPPED: regime bear-low disallows long

PLAN CREATED  2026-05-29 16:30:00  plan=79ad7457  bias=bullish  regime=bear-low  setups=0
  rationale: Price is above both EMA20 and EMA50, RSI above 50, and MACD histogram positive with a bullish crossover. Recent strong upward momentum with high volume suggests bullish continuation. However, regime is bear-low, so upside may be limited.

PLAN CREATED  2026-05-29 17:30:00  plan=8cb8db03  bias=bullish  regime=bear-low  setups=0
  rationale: RSI 64 above 50, MACD histogram positive, price above 20 and 50 EMAs, bullish momentum composite 0.92, recent price recovery from 72866 low with increasing volume. Regime is bear-low, but price action suggests short-term bullish reversal. CVD slope positive indicates buying pressure.

PLAN CREATED  2026-05-29 18:30:00  plan=c8e4df1c  bias=neutral  regime=bear-low  setups=2
  rationale: BTC is in a bear regime with low volatility, but price has recovered from local lows near 72436 and is now consolidating around 73758. RSI is neutral (51.4), MACD histogram positive but small, and volume is moderate. The EMA20 is close to EMA50, indicating a potential short-term equilibrium. No clear edge for a directional setup given the mixed signals and recent range-bound price action.
  setup[1] 67e7d362  LONG  size=0.05
    entry_zone: 73720 -> 73740
    take_profit: [73900, 74000]   stop_loss: 73650
    hard:  rsi_14 > 30
    soft:  macd_hist > 0 (w0.6)
    invalidation: [hard] price < 73600 (on_close)
  setup[2] 7f95db9b  SHORT  size=0.05
    entry_zone: 73800 -> 73820
    take_profit: [73700, 73600]   stop_loss: 73880
    hard:  rsi_14 < 70
    soft:  macd_hist < 0 (w0.6)
    invalidation: [hard] price > 73950 (on_close)

PLAN CREATED  2026-05-29 19:00:00  plan=d15fd429  bias=neutral  regime=bear-low  setups=0
  rationale: Price is below 200 EMA and RSI is below 50, indicating bearish pressure. However, recent bounce from low suggests short-term consolidation. Regime is bear-low volatility. No clear high-probability setup with adequate RR at worst-case edge. Waiting for better conditions.

PLAN CREATED  2026-05-29 20:00:00  plan=2401174e  bias=neutral  regime=bear-low  setups=0
  rationale: Price is near flat EMAs (20,50) with RSI ~50, MACD hist negative but small, regime bear-low. No clear directional edge, so avoid forcing a trade.

PLAN CREATED  2026-05-29 21:00:00  plan=a0dd1100  bias=neutral  regime=bear-low  setups=0
  rationale: Price near flat EMAs (20/50) with RSI ~53, MACD histogram negative but narrow, low volatility regime, recent range-bound action. No clear directional edge.

PLAN CREATED  2026-05-29 22:00:00  plan=9d537e99  bias=bearish  regime=side-low  setups=0
  rationale: Price is below all EMAs (20,50,200), RSI below 50, MACD histogram negative, and recent price action shows a series of lower highs after the spike to 74293. Volume has been low on bounces, indicating weak buying pressure. Regime is side-low, favoring bearish bias.

PLAN CREATED  2026-05-29 23:00:00  plan=29c858c7  bias=bearish  regime=side-low  setups=1
  rationale: RSI below 50, price below EMAs, high volume spikes with bearish closes, trend side-low, bearish MACD histogram. Short-term momentum negative.
  setup[1] 352dab8c  SHORT  size=0.1
    entry_zone: 73372.2 -> 73450
    take_profit: [73100]   stop_loss: 73550
    hard:  rsi_14 < 45; price < ema_20; macd_hist < 0
    soft:  vol_zscore_20 > 0 (w0.5)
    invalidation: [hard] price > 73550 (intrabar)

PLAN CREATED  2026-05-30 00:00:00  plan=707b2e37  bias=neutral  regime=side-low  setups=0
  rationale: BTC is in a side-low regime with low volatility, price near EMAs, RSI neutral at 47.2. Recent OHLCV shows tight range 73279-73489. No clear directional conviction; avoid forcing a trade.

PLAN CREATED  2026-05-30 01:00:00  plan=fc4b4f76  bias=neutral  regime=side-low  setups=0
  rationale: The market is in a side-low regime with low volatility. Indicators are mixed: RSI near 50, MACD histogram positive but small, EMAs flat, ATR low. No strong directional signal. Recent price action shows range-bound movement around 73400-73700. No clear setup meets the required reward-to-risk at worst-case fill.

PLAN CREATED  2026-05-30 02:00:00  plan=cdd8d708  bias=neutral  regime=side-low  setups=0
  rationale: RSI neutral around 56, price near EMAs, MACD histogram slightly positive but signal negative, momentum composite mildly positive (0.82), low volatility regime. No clear directional edge, so no setup proposed.

PLAN CREATED  2026-05-30 03:00:00  plan=83337ab2  bias=bullish  regime=side-low  setups=1
  rationale: RSI(14) is above 50 (59.09) and MACD histogram is positive (33.28) and increasing. Recent price action shows a bounce from 73300 area to 73726, with price above both EMA20 and EMA50, though below EMA200. The regime is side-low volatility, but momentum composite is high (0.85). A controlled long with tight stop below recent support is considered.
  setup[1] 94a0f872  LONG  size=0.05
    entry_zone: 73685 -> 73750
    take_profit: [74000, 74200]   stop_loss: 73580
    hard:  rsi_14 > 50; price > ema_20; macd_hist > 0
    soft:  momentum_composite > 0.5 (w0.7); price > ema_50 (w0.3)
    invalidation: [hard] price < 73500 (intrabar)
  -> SKIPPED: regime side-low disallows long

PLAN CREATED  2026-05-30 04:00:00  plan=df95ea8a  bias=neutral  regime=side-low  setups=0
  rationale: BTC is in a sideways, low-volatility regime. RSI is neutral at 44, MACD histogram negative, price below all EMAs but close to 20 and 50. No clear directional edge. Recent price action is consolidating around 73400-73600. Given the one position per symbol constraint (already in ETH short), no new setup is proposed.

PLAN CREATED  2026-05-30 05:00:00  plan=b8a21244  bias=bearish  regime=side-low  setups=1
  rationale: Price is below all major EMAs (20, 50, 200) and RSI is below 50, suggesting bearish momentum. MACD histogram is negative and decreasing. Volume spike with high vol_zscore indicates potential selling pressure. Regime is side-low, but price action favors shorts.
  setup[1] 7cf71902  SHORT  size=0.1
    entry_zone: 73469 -> 73500
    take_profit: [73100, 72800]   stop_loss: 73650
    hard:  price < ema_20; price < ema_50; price < ema_200; rsi_14 < 50
    soft:  macd_hist < 0 (w1); vol_zscore_20 > 2 (w0.5)
    invalidation: [hard] price >= 73700 (intrabar)
  -> SKIPPED: regime side-low disallows short
  -> SKIPPED: regime side-low disallows short

PLAN CREATED  2026-05-30 06:00:00  plan=b55eef16  bias=neutral  regime=side-low  setups=0
  rationale: Price is in a narrow range around 73500 with RSI near 50, trending sideways with low volatility. No clear directional edge; no setups meet risk/reward criteria within entry zone constraints.

PLAN CREATED  2026-05-30 07:00:00  plan=1446d910  bias=neutral  regime=side-low  setups=0
  rationale: The market is in a side-low regime with low volatility. RSI near 50, price near EMAs (20,50,200 are clustered), MACD histogram positive but small, and recent price action shows tight ranges. No clear directional edge. No setups meet the risk-reward criteria with adequate buffer given the narrow volatility and clustered EMAs.

PLAN CREATED  2026-05-30 08:00:00  plan=d15d0e61  bias=neutral  regime=side-low  setups=0
  rationale: RSI near 50, price below EMAs (20,50,200) but above recent low, low vol regime. No clear directional edge. Avoid forced trades.

PLAN CREATED  2026-05-30 09:00:00  plan=7235e6b6  bias=neutral  regime=side-low  setups=0
  rationale: Price is consolidating near EMAs (20/50/200) with low volatility and no clear directional momentum. RSI near 50, MACD slightly negative, and volume declining. No strong setup meets risk/reward requirements.

PLAN CREATED  2026-05-30 10:00:00  plan=420fbc7a  bias=neutral  regime=side-low  setups=0
  rationale: Price is consolidating in a tight range around ema_20/50, with low volatility regime and rsi near 50. No clear directional signal; waiting for breakout or invalidation.

PLAN CREATED  2026-05-30 11:00:00  plan=414276eb  bias=neutral  regime=side-low  setups=0
  rationale: Price is oscillating around the EMA20/50 in a low-volatility sideways regime with RSI near 50, no clear directional catalyst. Recent OHLCV shows narrow ranges and low volume, suggesting indecision.

PLAN CREATED  2026-05-30 12:00:00  plan=4768b7d6  bias=neutral  regime=side-low  setups=0
  rationale: Sideways-low volatility regime with RSI near 50, no clear directional momentum. Mixed signals prevent high-confidence setups.

PLAN CREATED  2026-05-30 13:00:00  plan=58f71fff  bias=bullish  regime=side-low  setups=1
  rationale: Price is rising above EMAs, RSI bullish, MACD histogram positive and increasing, high volume support. Regime is side-low but short-term momentum is strong. Entry zone set for continuation above recent high with narrow zone and favorable RR.
  setup[1] 8ab4733e  LONG  size=0.05
    entry_zone: 73697 -> 73710
    take_profit: [73850, 73950]   stop_loss: 73600
    hard:  rsi_14 > 50; price > ema_20; macd_hist > 0
    soft:  vol_zscore_20 > 2 (w0.5)
    invalidation: [hard] price < 73600 (on_close)
  -> SKIPPED: regime side-low disallows long

PLAN CREATED  2026-05-30 14:00:00  plan=198bd474  bias=bullish  regime=side-low  setups=1
  rationale: Price is above all EMAs, RSI above 70 shows strong momentum, MACD positive and rising, volume surge over 2.5x average, but RSI is overbought so entries must be tight with a stop below recent structure. Regime is side-low volatility, limiting follow-through potential; taking a small size.
  setup[1] bc4cbb41  LONG  size=0.05
    entry_zone: 73850 -> 73900
    take_profit: [74200, 74400]   stop_loss: 73750
    hard:  price >= ema_20; price >= ema_50; rsi_14 > 50
    soft:  macd_hist > 0 (w0.5); momentum_composite > 0 (w0.5)
    invalidation: [hard] rsi_14 < 30 (on_close); [warning] price < ema_200 (intrabar)

PLAN CREATED  2026-05-30 15:00:00  plan=aa23782a  bias=bullish  regime=side-low  setups=1
  rationale: RSI 14 at 71.44 suggests bullish momentum but near overbought. Price above all EMAs (20, 50, 200) indicating uptrend. MACD histogram positive and increasing. CVD slope positive, supporting bullish flow. Regime is side-low volatility, so moves can be sharp.
  setup[1] c8041493  LONG  size=0.05
    entry_zone: 73901 -> 73920
    take_profit: [74100, 74200]   stop_loss: 73800
    hard:  price > ema_20; price > ema_50; price > ema_200; macd_hist > 0
    soft:  rsi_14 < 75 (w0.5); cvd_slope_10 > 0 (w0.3)
    invalidation: [hard] price < 73750 (on_close)
  -> SKIPPED: regime side-low disallows long

PLAN CREATED  2026-05-30 16:00:00  plan=2c124c97  bias=bullish  regime=side-low  setups=1
  rationale: RSI(14) at ~62 indicates bullish momentum above 50. Price is above both EMA20 and EMA50. MACD histogram positive and rising. CVD slope positive suggests buying pressure. Composite momentum score high (0.84). Recent price action broke above 74000 and is consolidating near 73900. Regime is side-low but volatility is low, favoring mean-reversion or trend continuation. Entry zone placed near recent consolidation area with tight stop below EMA20.
  setup[1] 2c451d1c  LONG  size=0.05
    entry_zone: 73900 -> 73930
    take_profit: [74200, 74400]   stop_loss: 73750
    hard:  rsi_14 > 50; price > ema_20; price > ema_50
    soft:  macd_hist > 0 (w0.5); cvd_slope_10 > 0 (w0.3); momentum_composite > 0.5 (w0.2)
    invalidation: [hard] price < 73750 (intrabar)
  -> SKIPPED: regime side-low disallows long

PLAN CREATED  2026-05-30 17:00:00  plan=94978cca  bias=bullish  regime=side-low  setups=1
  rationale: Price is above EMAs and RSI is neutral-bullish. Regime is side-low, but recent upward momentum and CVD divergence suggest possible continuation. Risk limits allow a small long setup with tight stop and good RR.
  setup[1] 7e5495e5  LONG  size=0.1
    entry_zone: 73877 -> 73910
    take_profit: [74100, 74200]   stop_loss: 73820
    hard:  rsi_14 > 30; price > ema_20; price > ema_50
    soft:  cvd_slope_10 > 0 (w0.5); macd_hist > 0 (w0.5)
    invalidation: [hard] price < 73820 (intrabar)

PLAN CREATED  2026-05-30 18:00:00  plan=139395e2  bias=bullish  regime=side-low  setups=0
  rationale: RSI above 50 at 63.45, price above EMA20/50/200, macd_hist slightly negative but macd above signal. Recent OHLCV shows a strong uptrend from 73460 to 74078, with consolidation around 73900-74000. Momentum is intact, but consolidation may offer continuation setups.

PLAN CREATED  2026-05-30 19:00:00  plan=6800c45f  bias=bearish  regime=side-low  setups=1
  rationale: Price is near range high with low volatility and sideways trend. RSI is moderate but MACD histogram is negative and crossing below signal. Volume is low. CVD slope negative. Regime is side-low. Previous upward momentum seems exhausted. Potential short setup if price fails to break resistance.
  setup[1] 7e38de90  SHORT  size=0.05
    entry_zone: 74000 -> 74100
    take_profit: [73750, 73600]   stop_loss: 74200
    hard:  price >= 74000; price <= 74100; rsi_14 < 70; macd_hist < 0
    soft:  cvd_slope_10 < 0 (w0.7); vol_zscore_20 < -0.5 (w0.5)
    invalidation: [hard] price > 74200 (intrabar); [soft] rsi_14 > 70 (intrabar)
  -> SKIPPED: regime side-low disallows short

PLAN CREATED  2026-05-30 20:00:00  plan=93fdc17d  bias=neutral  regime=side-low  setups=0
  rationale: Slight uptrend with EMAs bullishly aligned but RSI neutral, MACD histogram negative, low volatility regime, and recent price action choppy at top of range. No clear high-confidence setup; wait for clearer signal.

PLAN CREATED  2026-05-30 21:00:00  plan=cdc650aa  bias=neutral  regime=side-low  setups=0
  rationale: Price is near EMAs, RSI neutral, MACD histogram negative, regime side-low, no clear strong trend or setup with sufficient reward-to-risk. No trade recommended.

PLAN CREATED  2026-05-30 22:00:00  plan=89c2e899  bias=neutral  regime=side-low  setups=0
  rationale: Price is near EMAs and RSI is neutral at 45, with MACD below signal. Regime is side-low volatility. No strong directional setup with favorable RR given the narrow recent range.

PLAN CREATED  2026-05-30 23:00:00  plan=c4b91666  bias=neutral  regime=side-low  setups=0
  rationale: Price in a tight range near EMAs (20,50,200), RSI 42.64 (weak but not oversold), MACD negative and bearish crossover, regime side-low with low volatility. No clear directional edge; risk limited. No strong setup meeting min RR with narrow entry zone.

PLAN CREATED  2026-05-31 00:00:00  plan=0311397d  bias=neutral  regime=side-low  setups=0
  rationale: The market is in a side-low regime with low volatility. RSI is neutral near 50, price is hovering around EMAs (20,50,200) which are flat. MACD histogram negative but slightly narrowing. No strong directional signal. No clear setup meets the min RR requirement with a narrow entry zone. Hence, no trades recommended.

PLAN CREATED  2026-05-31 01:00:00  plan=8cfaee9b  bias=bullish  regime=side-low  setups=0
  rationale: Price is above all EMAs, RSI is above 60 but not overbought, MACD histogram positive and rising, recent price action shows an upward breakout with high volume. Regime is side-low but volatility is low and trend is side, so cautious bullish bias.

PLAN CREATED  2026-05-31 02:00:00  plan=3fe5daa8  bias=bullish  regime=side-low  setups=1
  rationale: Price above all major EMAs, RSI bullish (64.4), MACD hist positive and rising, momentum composite high (0.82). Regime is side-low but price breaking above recent range. Volatility low favors trending moves.
  setup[1] 3ffd16db  LONG  size=0.05
    entry_zone: 74100 -> 74135
    take_profit: [74350, 74450]   stop_loss: 73980
    hard:  price > ema_20; rsi_14 > 50; macd_hist > 0
    soft:  momentum_composite > 0.8 (w0.5); obv > 0 (w0.3)
    invalidation: [hard] price < 73980 (intrabar); [soft] rsi_14 < 60 (on_close)
  -> SKIPPED: regime side-low disallows long

PLAN CREATED  2026-05-31 02:30:00  plan=81d5adbf  bias=bullish  regime=side-low  setups=1
  rationale: RSI near neutral, EMAs flat but price above EMAs, MACD positive, recent bullish move with higher highs, low volatility regime suggests potential continuation.
  setup[1] 786a1bfc  LONG  size=0.1
    entry_zone: 73943.8 -> 74000
    take_profit: [74250, 74400]   stop_loss: 73800
    hard:  price > ema_50; rsi_14 > 45; macd_hist > 0
    soft:  vol_zscore_20 > 0 (w0.3); momentum_composite > 0.5 (w0.4); pr_cvd_divergence > 0.5 (w0.3)
    invalidation: [hard] price < 73750 (on_close); [soft] rsi_14 < 40 (on_close)

PLAN CREATED  2026-05-31 03:30:00  plan=92773eeb  bias=bullish  regime=side-low  setups=0
  rationale: Price is above all EMAs (20, 50, 200), RSI is bullish (59.3), MACD hist positive and rising, momentum composite high (0.87). Recent candles show higher lows and a push above 74100. Regime is side/low but features favor upside. Bias is neutral-to-bullish, but I avoid forcing a trade due to narrow range and low volatility.

PLAN CREATED  2026-05-31 04:30:00  plan=740d34f9  bias=bullish  regime=side-low  setups=0
  rationale: BTC price is above all key EMAs (20, 50, 200), MACD positive and histogram rising, RSI in neutral-bullish territory, recent price action showing higher lows and a push above 74200. Low volatility regime suggests trending conditions may follow. CVD positive, momentum composite high. Bias is mildly bullish but waiting for confirmation.

PLAN CREATED  2026-05-31 05:30:00  plan=e0a61bad  bias=neutral  regime=side-low  setups=0
  rationale: Sideways-low regime, RSI near 50, price near EMAs. Low conviction for directional trade. No clear setup with adequate RR.

PLAN CREATED  2026-05-31 06:30:00  plan=06ae574b  bias=neutral  regime=side-low  setups=0
  rationale: Price is hovering near EMAs with RSI near 50, regime is side-low, and recent price action shows no clear trend. No high-confidence setup meets the min RR with a narrow entry zone.

PLAN CREATED  2026-05-31 07:30:00  plan=37d5ccbb  bias=bearish  regime=side-low  setups=0
  rationale: Price is in a short-term downtrend within a side-low regime. RSI is bearish at 35, MACD histogram negative, and recent candles show lower highs. A bounce attempt failed around 74100, and price broke below 74000 support. Short setup with tight stop above recent swing high.

PLAN CREATED  2026-05-31 08:30:00  plan=b181c9de  bias=bearish  regime=side-low  setups=1
  rationale: RSI is bearish (40.5) and below 50, price is below EMAs (20, 50, 200), and MACD histogram is negative and declining. Low volatility regime suggests range-bound or weak momentum. The recent price action shows lower highs and lower lows. Bias is bearish.
  setup[1] 1aa2ffb4  SHORT  size=0.1
    entry_zone: 73910 -> 73950
    take_profit: [73500, 73200]   stop_loss: 74100
    hard:  price < ema_20; price < ema_50; rsi_14 < 50
    soft:  macd_hist < 0 (w0.5); price < ema_200 (w0.3)
    invalidation: [hard] price > 74150 (intrabar)
  -> SKIPPED: regime side-low disallows short
  -> SKIPPED: regime side-low disallows short

PLAN CREATED  2026-05-31 09:30:00  plan=60ca7f30  bias=neutral  regime=side-low  setups=0
  rationale: Price is near EMAs (20,50,200) with RSI ~49, MACD histogram negative but converging, and regime side-low with low volatility. No clear directional edge; awaiting breakout or catalyst.

PLAN CREATED  2026-05-31 10:30:00  plan=ca55176a  bias=neutral  regime=side-low  setups=0
  rationale: RSI is below 50, MACD histogram negative, and price trading near key EMAs with low volatility regime. No clear edge for a directional bias.

PLAN CREATED  2026-05-31 11:30:00  plan=433a22bd  bias=neutral  regime=side-low  setups=0
  rationale: Price is ranging near EMAs (20/50/200) with RSI at 50.8, low volatility regime, and no clear directional momentum. MACD histogram is slightly positive but recent price action shows consolidation. No strong setup with adequate risk-reward at worst-case fill.

PLAN CREATED  2026-05-31 12:30:00  plan=45f7191c  bias=neutral  regime=side-low  setups=0
  rationale: RSI near 50, price near EMAs, low volatility regime, no strong directional signal. Recent price action oscillating within a range with no clear breakout. No compelling setup with adequate RR.

PLAN CREATED  2026-05-31 13:30:00  plan=c85f1bb8  bias=neutral  regime=side-low  setups=0
  rationale: Sideways action with low volatility and RSI around 45 suggests no clear directional bias. Price near all EMAs (20, 50, 200) indicates consolidation. No compelling setup with adequate reward-to-risk given narrow entry zone constraints and current low volatility.

PLAN CREATED  2026-05-31 14:30:00  plan=62eb38aa  bias=bearish  regime=side-low  setups=1
  rationale: RSI is deeply oversold (29.58) but MACD histogram is increasingly negative and price is below all EMAs, indicating strong bearish momentum. Side-low regime suggests low volatility downtrend. Recent OHLCV shows a sharp sell-off from 73930 to 73558, supporting bearish continuation.
  setup[1] 0b90fd6f  SHORT  size=0.1
    entry_zone: 73530 -> 73580
    take_profit: [73200, 73000]   stop_loss: 73750
    hard:  rsi_14 < 35; price < ema_20; price < ema_50; price < ema_200
    soft:  macd_hist < 0 (w1); vol_zscore_20 > 0.5 (w0.5)
    invalidation: [hard] price > 73800 (intrabar); [soft] rsi_14 crosses_above 40 (on_close)
  -> SKIPPED: regime side-low disallows short
  -> SKIPPED: regime side-low disallows short

PLAN CREATED  2026-05-31 15:30:00  plan=ed13e5dd  bias=bearish  regime=side-low  setups=1
  rationale: Price is below all EMAs (20,50,200), RSI at 36.4 (bearish), MACD histogram negative, and recent sharp drop with high volume on 14:00 candle suggests selling pressure. Regime side-low with low volatility, but momentum composite is slightly positive, indicating potential bounce. Setup limited to short with tight stop.
  setup[1] 132abfea  SHORT  size=0.05
    entry_zone: 73550 -> 73650
    take_profit: [73200, 72900]   stop_loss: 73850
    hard:  rsi_14 < 40; price < ema_20; macd_hist < 0
    soft:  obv < 0 (w0.5)
    invalidation: [hard] price > 73850 (intrabar)
  -> SKIPPED: regime side-low disallows short
  -> SKIPPED: regime side-low disallows short

PLAN CREATED  2026-05-31 17:15:00  plan=913b8b9c  bias=bearish  regime=side-low  setups=0
  rationale: RSI is bearish (36.2), price below all EMAs, MACD histogram negative, CVD negative and sloping down, recent bearish momentum with volume spikes on drops. Regime is side-low volatility, favoring mean reversion but current structure is bearish. Possible further downside.
